11,"18,5",2004,1
12,"13,6",2004,1
13,"27,9",2004,1
14,"23,6",2004,1
15,"25,6",2004,1
16,"24,8",2004,1
17,"15,3",2004,1
21,"18,1",2004,1
22,"25,1",2004,1
23,"24,7",2004,1
24,"24,8",2004,1
25,22,2004,1
26,"26,4",2004,1
27,"21,1",2004,1
28,"24,9",2004,1
29,"30,2",2004,1
31,"34,6",2004,1
32,"25,6",2004,1
33,"36,4",2004,1
35,"36,6",2004,1
41,"33,7",2004,1
42,"33,1",2004,1
43,"36,7",2004,1
50,"25,8",2004,1
51,"28,6",2004,1
52,"29,1",2004,1
53,"36,8",2004,1
11,"17,5",2004,2
12,"13,1",2004,2
13,"25,5",2004,2
14,"21,3",2004,2
15,"24,1",2004,2
16,"25,6",2004,2
17,"13,4",2004,2
21,"16,2",2004,2
22,23,2004,2
23,"22,5",2004,2
24,"24,5",2004,2
25,"20,3",2004,2
26,"24,5",2004,2
27,"19,3",2004,2
28,"23,1",2004,2
29,"28,6",2004,2
31,"32,2",2004,2
32,"23,7",2004,2
33,"33,1",2004,2
35,"35,6",2004,2
41,32,2004,2
42,"32,2",2004,2
43,"34,8",2004,2
50,26,2004,2
51,"28,4",2004,2
52,"26,9",2004,2
53,"36,3",2004,2
11,"21,1",2004,3
12,"15,8",2004,3
13,"28,8",2004,3
14,"24,6",2004,3
15,26,2004,3
16,27,2004,3
17,"15,7",2004,3
21,"19,5",2004,3
22,"25,9",2004,3
23,"25,3",2004,3
24,"27,9",2004,3
25,"23,9",2004,3
26,"28,5",2004,3
27,"22,8",2004,3
28,"25,8",2004,3
29,"33,4",2004,3
31,"36,5",2004,3
32,"26,8",2004,3
33,"37,5",2004,3
35,"40,3",2004,3
41,"37,2",2004,3
42,"35,8",2004,3
43,"41,8",2004,3
50,"29,3",2004,3
51,"33,1",2004,3
52,"31,3",2004,3
53,"42,5",2004,3
11,"20,6",2004,4
12,"14,6",2004,4
13,30,2004,4
14,"24,3",2004,4
15,"26,7",2004,4
16,"27,7",2004,4
17,15,2004,4
21,"18,6",2004,4
22,"24,1",2004,4
23,"24,7",2004,4
24,"26,8",2004,4
25,"22,2",2004,4
26,"26,8",2004,4
27,"21,8",2004,4
28,"24,5",2004,4
29,"31,9",2004,4
31,"36,3",2004,4
32,"25,7",2004,4
33,"35,4",2004,4
35,"38,7",2004,4
41,"35,9",2004,4
42,35,2004,4
43,"40,9",2004,4
50,"29,3",2004,4
51,"32,8",2004,4
52,"30,4",2004,4
53,"40,2",2004,4
11,"22,3",2004,5
12,"16,4",2004,5
13,35,2004,5
14,"23,6",2004,5
15,"28,7",2004,5
16,"30,6",2004,5
17,"16,7",2004,5
21,"21,2",2004,5
22,"26,2",2004,5
23,"26,4",2004,5
24,"28,6",2004,5
25,24,2004,5
26,29,2004,5
27,"23,5",2004,5
28,26,2004,5
29,"34,4",2004,5
31,"37,2",2004,5
32,"26,7",2004,5
33,"38,9",2004,5
35,"40,8",2004,5
41,"37,5",2004,5
42,"36,1",2004,5
43,"43,1",2004,5
50,"31,6",2004,5
51,"36,5",2004,5
52,"32,1",2004,5
53,"42,9",2004,5
11,"23,6",2004,6
12,"16,2",2004,6
13,"34,7",2004,6
14,"24,6",2004,6
15,"28,5",2004,6
16,"29,8",2004,6
17,"16,7",2004,6
21,21,2004,6
22,"25,5",2004,6
23,"26,1",2004,6
24,"28,5",2004,6
25,"23,2",2004,6
26,"28,5",2004,6
27,"22,7",2004,6
28,26,2004,6
29,34,2004,6
31,"38,4",2004,6
32,"26,6",2004,6
33,"37,5",2004,6
35,"40,8",2004,6
41,"36,1",2004,6
42,"35,7",2004,6
43,42,2004,6
50,"31,9",2004,6
51,"36,4",2004,6
52,"32,7",2004,6
53,"41,5",2004,6
11,"27,8",2004,7
12,"17,1",2004,7
13,"36,6",2004,7
14,"27,1",2004,7
15,"29,9",2004,7
16,33,2004,7
17,"17,3",2004,7
21,"23,6",2004,7
22,"27,5",2004,7
23,"28,9",2004,7
24,"30,6",2004,7
25,"24,5",2004,7
26,"30,1",2004,7
27,"23,7",2004,7
28,27,2004,7
29,"35,6",2004,7
31,"40,7",2004,7
32,30,2004,7
33,"39,2",2004,7
35,"41,9",2004,7
41,"38,8",2004,7
42,"38,4",2004,7
43,"44,1",2004,7
50,"34,8",2004,7
51,"38,9",2004,7
52,"35,2",2004,7
53,"43,8",2004,7
11,"25,3",2004,8
12,"17,2",2004,8
13,"35,6",2004,8
14,"26,1",2004,8
15,"29,8",2004,8
16,"31,7",2004,8
17,"16,9",2004,8
21,"22,7",2004,8
22,"25,7",2004,8
23,"27,8",2004,8
24,"30,3",2004,8
25,"24,5",2004,8
26,30,2004,8
27,"24,8",2004,8
28,"26,9",2004,8
29,"35,3",2004,8
31,"40,3",2004,8
32,28,2004,8
33,"40,2",2004,8
35,"42,5",2004,8
41,"38,7",2004,8
42,"37,4",2004,8
43,"43,7",2004,8
50,33,2004,8
51,39,2004,8
52,"34,3",2004,8
53,"43,9",2004,8
11,"25,1",2004,9
12,"17,6",2004,9
13,"35,8",2004,9
14,25,2004,9
15,"28,8",2004,9
16,"31,5",2004,9
17,"16,1",2004,9
21,"21,2",2004,9
22,"25,4",2004,9
23,27,2004,9
24,"29,7",2004,9
25,"23,7",2004,9
26,"28,7",2004,9
27,"23,5",2004,9
28,"27,1",2004,9
29,"34,9",2004,9
31,"41,4",2004,9
32,"27,9",2004,9
33,39,2004,9
35,"41,9",2004,9
41,38,2004,9
42,"38,3",2004,9
43,"41,9",2004,9
50,"33,3",2004,9
51,38,2004,9
52,"34,1",2004,9
53,"42,3",2004,9
11,25,2004,10
12,"18,1",2004,10
13,"38,4",2004,10
14,"24,9",2004,10
15,"31,2",2004,10
16,"32,7",2004,10
17,"17,2",2004,10
21,"22,5",2004,10
22,"26,2",2004,10
23,"28,5",2004,10
24,"31,2",2004,10
25,25,2004,10
26,"30,3",2004,10
27,"26,1",2004,10
28,"27,9",2004,10
29,"36,6",2004,10
31,"41,6",2004,10
32,"30,2",2004,10
33,"40,6",2004,10
35,"43,7",2004,10
41,"39,7",2004,10
42,42,2004,10
43,"45,7",2004,10
50,"33,3",2004,10
51,"39,8",2004,10
52,"35,4",2004,10
53,"44,2",2004,10
11,"24,9",2004,11
12,"16,2",2004,11
13,"39,1",2004,11
14,"25,5",2004,11
15,"30,8",2004,11
16,"33,4",2004,11
17,"16,8",2004,11
21,"22,7",2004,11
22,"27,6",2004,11
23,"29,1",2004,11
24,"32,2",2004,11
25,"26,9",2004,11
26,"32,7",2004,11
27,"27,8",2004,11
28,"28,1",2004,11
29,"37,6",2004,11
31,42,2004,11
32,"30,6",2004,11
33,41,2004,11
35,"44,8",2004,11
41,"39,7",2004,11
42,42,2004,11
43,"45,4",2004,11
50,"32,7",2004,11
51,"38,4",2004,11
52,"35,9",2004,11
53,"46,5",2004,11
11,"33,8",2004,12
12,"24,3",2004,12
13,"54,7",2004,12
14,"30,4",2004,12
15,"48,3",2004,12
16,"52,1",2004,12
17,"21,4",2004,12
21,"33,2",2004,12
22,"37,8",2004,12
23,"40,3",2004,12
24,"44,1",2004,12
25,"39,4",2004,12
26,"44,7",2004,12
27,"38,9",2004,12
28,"39,6",2004,12
29,"50,2",2004,12
31,"53,7",2004,12
32,"39,2",2004,12
33,"55,8",2004,12
35,"55,4",2004,12
41,51,2004,12
42,"54,9",2004,12
43,"61,2",2004,12
50,"43,6",2004,12
51,"45,7",2004,12
52,"43,9",2004,12
53,"57,7",2004,12
11,21,2005,1
12,"17,4",2005,1
13,"36,3",2005,1
14,"23,3",2005,1
15,"30,6",2005,1
16,"30,2",2005,1
17,"17,1",2005,1
21,"23,1",2005,1
22,"28,1",2005,1
23,"29,2",2005,1
24,"32,1",2005,1
25,27,2005,1
26,"31,7",2005,1
27,"27,4",2005,1
28,"29,3",2005,1
29,"37,8",2005,1
31,"41,9",2005,1
32,"30,4",2005,1
33,"40,2",2005,1
35,"42,5",2005,1
41,"39,2",2005,1
42,"40,4",2005,1
43,"42,6",2005,1
50,"33,6",2005,1
51,"35,1",2005,1
52,"35,4",2005,1
53,"43,9",2005,1
11,24,2005,2
12,"19,5",2005,2
13,"36,4",2005,2
14,24,2005,2
15,"31,6",2005,2
16,"29,1",2005,2
17,"19,6",2005,2
21,"21,5",2005,2
22,28,2005,2
23,"25,9",2005,2
24,"31,7",2005,2
25,"24,6",2005,2
26,"30,9",2005,2
27,"26,8",2005,2
28,"30,7",2005,2
29,"32,5",2005,2
31,"33,9",2005,2
32,"29,3",2005,2
33,"36,2",2005,2
35,"36,7",2005,2
41,"35,4",2005,2
42,"35,4",2005,2
43,"38,5",2005,2
50,"31,1",2005,2
51,"36,1",2005,2
52,"34,5",2005,2
53,"43,4",2005,2
11,"27,9",2005,3
12,"22,6",2005,3
13,"42,2",2005,3
14,"27,8",2005,3
15,"36,2",2005,3
16,"32,5",2005,3
17,22,2005,3
21,"24,6",2005,3
22,"31,7",2005,3
23,"29,7",2005,3
24,"36,3",2005,3
25,"28,6",2005,3
26,"36,2",2005,3
27,"30,9",2005,3
28,"33,6",2005,3
29,"37,5",2005,3
31,"41,3",2005,3
32,34,2005,3
33,"42,8",2005,3
35,"43,7",2005,3
41,"42,1",2005,3
42,40,2005,3
43,45,2005,3
50,"36,2",2005,3
51,"39,5",2005,3
52,"39,2",2005,3
53,"50,5",2005,3
11,"27,9",2005,4
12,"22,5",2005,4
13,"42,1",2005,4
14,"27,5",2005,4
15,36,2005,4
16,"31,9",2005,4
17,22,2005,4
21,"24,7",2005,4
22,"31,8",2005,4
23,"30,3",2005,4
24,"35,6",2005,4
25,"28,8",2005,4
26,"34,8",2005,4
27,29,2005,4
28,"32,6",2005,4
29,"37,1",2005,4
31,"39,6",2005,4
32,"32,7",2005,4
33,"40,4",2005,4
35,"42,1",2005,4
41,"39,2",2005,4
42,"39,8",2005,4
43,"43,3",2005,4
50,"35,2",2005,4
51,"38,3",2005,4
52,"38,3",2005,4
53,"48,7",2005,4
11,"30,2",2005,5
12,"22,9",2005,5
13,"45,2",2005,5
14,"27,5",2005,5
15,"38,4",2005,5
16,"35,5",2005,5
17,24,2005,5
21,"26,1",2005,5
22,"33,7",2005,5
23,"32,7",2005,5
24,"36,6",2005,5
25,31,2005,5
26,"36,4",2005,5
27,"29,7",2005,5
28,"35,3",2005,5
29,"38,5",2005,5
31,"40,7",2005,5
32,"33,8",2005,5
33,"42,6",2005,5
35,"43,7",2005,5
41,"39,7",2005,5
42,"40,5",2005,5
43,"43,8",2005,5
50,36,2005,5
51,"39,8",2005,5
52,"40,3",2005,5
53,"50,9",2005,5
11,29,2005,6
12,24,2005,6
13,"45,2",2005,6
14,"25,8",2005,6
15,"37,5",2005,6
16,"35,1",2005,6
17,"24,4",2005,6
21,"26,3",2005,6
22,34,2005,6
23,"32,9",2005,6
24,"36,8",2005,6
25,"30,6",2005,6
26,"34,5",2005,6
27,"29,9",2005,6
28,"34,9",2005,6
29,"38,3",2005,6
31,"40,5",2005,6
32,"33,5",2005,6
33,"41,6",2005,6
35,"43,7",2005,6
41,"38,7",2005,6
42,40,2005,6
43,43,2005,6
50,"34,6",2005,6
51,"38,1",2005,6
52,"39,9",2005,6
53,"49,5",2005,6
11,"29,2",2005,7
12,"24,1",2005,7
13,"47,5",2005,7
14,"27,3",2005,7
15,"38,1",2005,7
16,"38,4",2005,7
17,"23,7",2005,7
21,"29,4",2005,7
22,"36,4",2005,7
23,"35,6",2005,7
24,"38,7",2005,7
25,"32,3",2005,7
26,"36,3",2005,7
27,"37,8",2005,7
28,"34,7",2005,7
29,"38,8",2005,7
31,"41,3",2005,7
32,35,2005,7
33,42,2005,7
35,"43,4",2005,7
41,"40,3",2005,7
42,"39,9",2005,7
43,"43,2",2005,7
50,"36,4",2005,7
51,"39,2",2005,7
52,"40,5",2005,7
53,"51,2",2005,7
11,"30,4",2005,8
12,"24,9",2005,8
13,"48,7",2005,8
14,"30,4",2005,8
15,"41,3",2005,8
16,"40,4",2005,8
17,"25,2",2005,8
21,"30,2",2005,8
22,"37,3",2005,8
23,"35,4",2005,8
24,"40,4",2005,8
25,"33,8",2005,8
26,"38,5",2005,8
27,"33,1",2005,8
28,"37,3",2005,8
29,"40,9",2005,8
31,"42,4",2005,8
32,"36,1",2005,8
33,"43,1",2005,8
35,"46,1",2005,8
41,"39,5",2005,8
42,"40,3",2005,8
43,"43,3",2005,8
50,"36,7",2005,8
51,"41,6",2005,8
52,"42,1",2005,8
53,"53,3",2005,8
11,"29,3",2005,9
12,"23,6",2005,9
13,"45,5",2005,9
14,"30,5",2005,9
15,"39,5",2005,9
16,"37,7",2005,9
17,"23,1",2005,9
21,28,2005,9
22,"34,4",2005,9
23,34,2005,9
24,"39,4",2005,9
25,"31,3",2005,9
26,"36,6",2005,9
27,"31,1",2005,9
28,"35,7",2005,9
29,"38,3",2005,9
31,"40,8",2005,9
32,"35,9",2005,9
33,"40,2",2005,9
35,"43,7",2005,9
41,"37,4",2005,9
42,"40,2",2005,9
43,"40,2",2005,9
50,"35,2",2005,9
51,40,2005,9
52,39,2005,9
53,51,2005,9
11,"31,1",2005,10
12,"23,9",2005,10
13,"48,4",2005,10
14,"32,4",2005,10
15,"40,8",2005,10
16,"37,1",2005,10
17,"23,7",2005,10
21,"28,7",2005,10
22,"34,5",2005,10
23,"34,4",2005,10
24,"40,7",2005,10
25,"32,4",2005,10
26,"37,9",2005,10
27,"32,5",2005,10
28,"40,1",2005,10
29,"39,6",2005,10
31,42,2005,10
32,"37,1",2005,10
33,"41,9",2005,10
35,"45,8",2005,10
41,40,2005,10
42,"42,5",2005,10
43,"42,8",2005,10
50,"35,1",2005,10
51,"40,1",2005,10
52,"40,3",2005,10
53,"54,8",2005,10
11,"32,6",2005,11
12,23,2005,11
13,"49,7",2005,11
14,"33,4",2005,11
15,"40,6",2005,11
16,"38,1",2005,11
17,"23,2",2005,11
21,"31,1",2005,11
22,"35,7",2005,11
23,36,2005,11
24,"43,2",2005,11
25,"34,3",2005,11
26,"39,5",2005,11
27,"33,4",2005,11
28,"40,3",2005,11
29,"40,7",2005,11
31,"42,8",2005,11
32,"36,3",2005,11
33,"43,1",2005,11
35,"47,7",2005,11
41,"40,1",2005,11
42,"43,1",2005,11
43,"44,5",2005,11
50,"35,4",2005,11
51,"39,3",2005,11
52,"40,4",2005,11
53,"56,4",2005,11
11,"43,3",2005,12
12,"30,1",2005,12
13,"68,2",2005,12
14,"42,3",2005,12
15,"59,2",2005,12
16,56,2005,12
17,"30,5",2005,12
21,"41,2",2005,12
22,"52,6",2005,12
23,"46,7",2005,12
24,"58,6",2005,12
25,"50,6",2005,12
26,"54,1",2005,12
27,"45,4",2005,12
28,"55,1",2005,12
29,"54,3",2005,12
31,53,2005,12
32,"48,5",2005,12
33,"57,6",2005,12
35,"58,1",2005,12
41,"51,5",2005,12
42,"57,7",2005,12
43,"58,4",2005,12
50,"45,7",2005,12
51,"47,6",2005,12
52,"51,2",2005,12
53,"72,2",2005,12
11,"26,2",2006,1
12,"21,6",2006,1
13,"48,2",2006,1
14,"34,9",2006,1
15,"37,2",2006,1
16,"41,7",2006,1
17,25,2006,1
21,"28,4",2006,1
22,"38,5",2006,1
23,"35,5",2006,1
24,"42,1",2006,1
25,34,2006,1
26,"39,3",2006,1
27,"30,6",2006,1
28,"39,3",2006,1
29,"40,7",2006,1
31,"41,7",2006,1
32,"37,7",2006,1
33,42,2006,1
35,"45,2",2006,1
41,"38,6",2006,1
42,"40,6",2006,1
43,"40,8",2006,1
50,"34,2",2006,1
51,"37,7",2006,1
52,"41,2",2006,1
53,"54,1",2006,1
11,"25,1",2006,2
12,"25,4",2006,2
13,"45,2",2006,2
14,"31,6",2006,2
15,"35,1",2006,2
16,"37,2",2006,2
17,"21,7",2006,2
21,"27,8",2006,2
22,"34,2",2006,2
23,"31,1",2006,2
24,"37,1",2006,2
25,"29,9",2006,2
26,"34,3",2006,2
27,"29,4",2006,2
28,"34,1",2006,2
29,"38,3",2006,2
31,"36,8",2006,2
32,"34,8",2006,2
33,"39,5",2006,2
35,"38,1",2006,2
41,"37,2",2006,2
42,"38,5",2006,2
43,"36,9",2006,2
50,"33,6",2006,2
51,"32,9",2006,2
52,"36,7",2006,2
53,"50,5",2006,2
11,"30,1",2006,3
12,"28,7",2006,3
13,"50,7",2006,3
14,"34,3",2006,3
15,40,2006,3
16,"42,3",2006,3
17,"27,3",2006,3
21,"33,2",2006,3
22,"40,8",2006,3
23,"35,3",2006,3
24,"43,5",2006,3
25,"36,5",2006,3
26,"40,3",2006,3
27,"34,3",2006,3
28,"41,3",2006,3
29,"45,8",2006,3
31,"45,9",2006,3
32,"39,5",2006,3
33,"44,2",2006,3
35,"44,9",2006,3
41,"43,8",2006,3
42,"45,2",2006,3
43,"44,9",2006,3
50,"39,3",2006,3
51,"37,6",2006,3
52,"43,1",2006,3
53,"58,5",2006,3
11,"29,6",2006,4
12,"26,4",2006,4
13,"48,7",2006,4
14,"35,4",2006,4
15,"39,7",2006,4
16,"38,8",2006,4
17,"23,3",2006,4
21,"30,5",2006,4
22,"36,3",2006,4
23,"33,1",2006,4
24,"40,4",2006,4
25,"32,7",2006,4
26,"36,6",2006,4
27,"30,8",2006,4
28,"37,2",2006,4
29,"41,3",2006,4
31,"43,6",2006,4
32,"36,5",2006,4
33,"42,5",2006,4
35,"42,3",2006,4
41,"40,1",2006,4
42,"42,3",2006,4
43,43,2006,4
50,"36,1",2006,4
51,"33,1",2006,4
52,"39,7",2006,4
53,"56,4",2006,4
11,"31,9",2006,5
12,"30,4",2006,5
13,"54,7",2006,5
14,"35,3",2006,5
15,"46,2",2006,5
16,"48,5",2006,5
17,"29,1",2006,5
21,"36,3",2006,5
22,"43,6",2006,5
23,"39,1",2006,5
24,"44,1",2006,5
25,"37,7",2006,5
26,"40,8",2006,5
27,"35,9",2006,5
28,"42,8",2006,5
29,"45,4",2006,5
31,"47,4",2006,5
32,"40,1",2006,5
33,"46,3",2006,5
35,"46,3",2006,5
41,"43,8",2006,5
42,"45,4",2006,5
43,"46,1",2006,5
50,"39,2",2006,5
51,"35,5",2006,5
52,"44,4",2006,5
53,"62,1",2006,5
11,"31,1",2006,6
12,"29,4",2006,6
13,"49,8",2006,6
14,"32,3",2006,6
15,"43,7",2006,6
16,"46,4",2006,6
17,"28,9",2006,6
21,"32,8",2006,6
22,"40,3",2006,6
23,"36,5",2006,6
24,"41,6",2006,6
25,"34,9",2006,6
26,38,2006,6
27,"32,5",2006,6
28,"39,4",2006,6
29,"42,7",2006,6
31,"44,5",2006,6
32,"38,6",2006,6
33,"41,9",2006,6
35,"42,8",2006,6
41,"39,8",2006,6
42,"41,5",2006,6
43,"41,6",2006,6
50,"36,2",2006,6
51,34,2006,6
52,"40,5",2006,6
53,"56,3",2006,6
11,"33,1",2006,7
12,"32,5",2006,7
13,"54,6",2006,7
14,"34,9",2006,7
15,44,2006,7
16,"48,9",2006,7
17,"27,9",2006,7
21,"37,3",2006,7
22,"42,6",2006,7
23,"39,1",2006,7
24,"44,8",2006,7
25,"38,2",2006,7
26,"41,6",2006,7
27,"35,3",2006,7
28,"40,7",2006,7
29,"45,2",2006,7
31,"46,8",2006,7
32,"40,3",2006,7
33,"43,9",2006,7
35,"45,8",2006,7
41,"42,6",2006,7
42,"43,9",2006,7
43,"43,7",2006,7
50,"39,4",2006,7
51,36,2006,7
52,"43,4",2006,7
53,"59,9",2006,7
11,"36,4",2006,8
12,"36,2",2006,8
13,"56,9",2006,8
14,"36,4",2006,8
15,"46,9",2006,8
16,"51,2",2006,8
17,"31,6",2006,8
21,"38,9",2006,8
22,"45,2",2006,8
23,"40,8",2006,8
24,"47,4",2006,8
25,"38,9",2006,8
26,"42,5",2006,8
27,"37,9",2006,8
28,"45,6",2006,8
29,"46,6",2006,8
31,49,2006,8
32,"42,9",2006,8
33,"46,3",2006,8
35,"47,9",2006,8
41,"44,2",2006,8
42,"46,2",2006,8
43,"44,8",2006,8
50,"42,1",2006,8
51,"38,3",2006,8
52,"45,2",2006,8
53,"63,7",2006,8
11,"34,6",2006,9
12,"35,1",2006,9
13,"53,6",2006,9
14,"38,9",2006,9
15,"45,5",2006,9
16,"45,8",2006,9
17,"27,8",2006,9
21,"35,7",2006,9
22,43,2006,9
23,"39,8",2006,9
24,"45,1",2006,9
25,"38,3",2006,9
26,"41,3",2006,9
27,"36,4",2006,9
28,"42,3",2006,9
29,"44,1",2006,9
31,"47,5",2006,9
32,"42,3",2006,9
33,"44,6",2006,9
35,"46,2",2006,9
41,"42,3",2006,9
42,45,2006,9
43,"43,3",2006,9
50,"40,1",2006,9
51,"37,6",2006,9
52,"43,4",2006,9
53,"59,4",2006,9
11,"33,5",2006,10
12,"35,2",2006,10
13,"56,8",2006,10
14,"38,3",2006,10
15,"48,3",2006,10
16,"51,1",2006,10
17,"30,1",2006,10
21,"37,9",2006,10
22,"42,6",2006,10
23,"41,9",2006,10
24,"45,2",2006,10
25,"38,8",2006,10
26,"42,3",2006,10
27,"41,5",2006,10
28,"43,7",2006,10
29,"45,3",2006,10
31,"48,7",2006,10
32,"42,3",2006,10
33,"46,3",2006,10
35,49,2006,10
41,"43,5",2006,10
42,47,2006,10
43,"45,7",2006,10
50,"41,5",2006,10
51,"39,1",2006,10
52,"44,3",2006,10
53,63,2006,10
11,"35,7",2006,11
12,"35,5",2006,11
13,"58,9",2006,11
14,"37,4",2006,11
15,"49,4",2006,11
16,"51,8",2006,11
17,"30,9",2006,11
21,"40,5",2006,11
22,"44,1",2006,11
23,"43,7",2006,11
24,"46,9",2006,11
25,"41,4",2006,11
26,"46,1",2006,11
27,44,2006,11
28,"46,7",2006,11
29,"47,2",2006,11
31,"49,1",2006,11
32,"44,3",2006,11
33,"48,2",2006,11
35,"49,6",2006,11
41,"44,4",2006,11
42,"47,9",2006,11
43,"46,1",2006,11
50,"42,7",2006,11
51,"39,2",2006,11
52,"45,8",2006,11
53,"66,6",2006,11
11,"46,1",2006,12
12,"44,1",2006,12
13,"74,9",2006,12
14,"43,3",2006,12
15,69,2006,12
16,"69,5",2006,12
17,"36,5",2006,12
21,"50,4",2006,12
22,55,2006,12
23,"52,9",2006,12
24,"59,7",2006,12
25,"53,8",2006,12
26,"57,2",2006,12
27,"57,2",2006,12
28,"58,5",2006,12
29,"59,8",2006,12
31,"59,3",2006,12
32,"53,3",2006,12
33,"62,3",2006,12
35,"58,6",2006,12
41,"55,4",2006,12
42,"61,7",2006,12
43,60,2006,12
50,"51,9",2006,12
51,47,2006,12
52,"54,3",2006,12
53,"78,4",2006,12
11,"29,4",2007,1
12,"33,8",2007,1
13,"53,6",2007,1
14,"33,8",2007,1
15,"44,5",2007,1
16,"49,4",2007,1
17,"30,1",2007,1
21,"37,3",2007,1
22,"42,1",2007,1
23,"42,5",2007,1
24,"44,9",2007,1
25,"39,9",2007,1
26,"43,9",2007,1
27,"41,3",2007,1
28,"46,4",2007,1
29,"46,8",2007,1
31,"47,6",2007,1
32,"43,5",2007,1
33,"47,1",2007,1
35,"46,8",2007,1
41,"43,8",2007,1
42,"48,1",2007,1
43,44,2007,1
50,"39,4",2007,1
51,"36,9",2007,1
52,"46,7",2007,1
53,"63,2",2007,1
11,"27,3",2007,2
12,"30,3",2007,2
13,"49,6",2007,2
14,"32,9",2007,2
15,"40,3",2007,2
16,"45,3",2007,2
17,"26,9",2007,2
21,"33,8",2007,2
22,"37,1",2007,2
23,"35,7",2007,2
24,"38,7",2007,2
25,"35,4",2007,2
26,"38,1",2007,2
27,"36,3",2007,2
28,"40,6",2007,2
29,"42,3",2007,2
31,"41,4",2007,2
32,"39,9",2007,2
33,"42,6",2007,2
35,"42,6",2007,2
41,"40,6",2007,2
42,"44,1",2007,2
43,"39,6",2007,2
50,"39,6",2007,2
51,"35,3",2007,2
52,41,2007,2
53,"57,7",2007,2
11,"35,9",2007,3
12,"35,4",2007,3
13,"57,1",2007,3
14,"38,2",2007,3
15,"48,2",2007,3
16,"50,3",2007,3
17,"32,4",2007,3
21,"40,4",2007,3
22,"44,4",2007,3
23,"42,3",2007,3
24,"48,5",2007,3
25,"43,3",2007,3
26,"46,2",2007,3
27,"42,3",2007,3
28,"49,3",2007,3
29,"51,1",2007,3
31,"51,5",2007,3
32,"48,3",2007,3
33,"49,6",2007,3
35,"50,5",2007,3
41,48,2007,3
42,"50,3",2007,3
43,"48,2",2007,3
50,"45,3",2007,3
51,"42,5",2007,3
52,"49,2",2007,3
53,"67,8",2007,3
11,"36,1",2007,4
12,"34,4",2007,4
13,"53,8",2007,4
14,"37,2",2007,4
15,"46,6",2007,4
16,"47,7",2007,4
17,"31,2",2007,4
21,"38,4",2007,4
22,"39,5",2007,4
23,"40,2",2007,4
24,"44,2",2007,4
25,"40,5",2007,4
26,"42,5",2007,4
27,"40,7",2007,4
28,"44,8",2007,4
29,"46,8",2007,4
31,"48,9",2007,4
32,"43,9",2007,4
33,"46,9",2007,4
35,"49,5",2007,4
41,46,2007,4
42,"48,4",2007,4
43,"47,1",2007,4
50,"44,2",2007,4
51,"39,6",2007,4
52,"46,2",2007,4
53,"64,4",2007,4
11,"39,4",2007,5
12,"37,7",2007,5
13,"61,1",2007,5
14,"39,4",2007,5
15,"53,9",2007,5
16,"54,5",2007,5
17,"35,2",2007,5
21,"43,5",2007,5
22,"45,9",2007,5
23,"45,2",2007,5
24,49,2007,5
25,"44,4",2007,5
26,"47,5",2007,5
27,"44,6",2007,5
28,"51,2",2007,5
29,"51,6",2007,5
31,"53,7",2007,5
32,46,2007,5
33,"50,4",2007,5
35,"53,5",2007,5
41,49,2007,5
42,"50,8",2007,5
43,51,2007,5
50,"49,1",2007,5
51,"43,6",2007,5
52,51,2007,5
53,"69,6",2007,5
11,"36,7",2007,6
12,"35,5",2007,6
13,"56,7",2007,6
14,"35,6",2007,6
15,"50,3",2007,6
16,"52,2",2007,6
17,"31,7",2007,6
21,"40,4",2007,6
22,"42,3",2007,6
23,43,2007,6
24,"48,6",2007,6
25,"42,6",2007,6
26,"46,4",2007,6
27,"42,5",2007,6
28,"47,6",2007,6
29,"50,7",2007,6
31,"50,8",2007,6
32,"44,4",2007,6
33,"47,8",2007,6
35,"51,6",2007,6
41,48,2007,6
42,"49,1",2007,6
43,"47,8",2007,6
50,"46,2",2007,6
51,"41,7",2007,6
52,"48,2",2007,6
53,"68,1",2007,6
11,"38,4",2007,7
12,"39,2",2007,7
13,"58,8",2007,7
14,"37,4",2007,7
15,"48,5",2007,7
16,"58,5",2007,7
17,"34,2",2007,7
21,"43,1",2007,7
22,"44,7",2007,7
23,"44,6",2007,7
24,"50,8",2007,7
25,"41,7",2007,7
26,"48,3",2007,7
27,44,2007,7
28,"48,3",2007,7
29,"49,3",2007,7
31,"52,7",2007,7
32,"46,9",2007,7
33,"49,7",2007,7
35,"53,4",2007,7
41,"49,3",2007,7
42,"50,7",2007,7
43,"48,8",2007,7
50,"47,6",2007,7
51,"44,2",2007,7
52,"50,3",2007,7
53,"68,8",2007,7
11,"40,4",2007,8
12,"40,8",2007,8
13,"62,6",2007,8
14,37,2007,8
15,52,2007,8
16,"61,3",2007,8
17,"36,9",2007,8
21,"44,9",2007,8
22,47,2007,8
23,47,2007,8
24,"54,3",2007,8
25,"44,7",2007,8
26,"50,5",2007,8
27,"46,6",2007,8
28,53,2007,8
29,"53,8",2007,8
31,"57,1",2007,8
32,"51,8",2007,8
33,"52,5",2007,8
35,"57,3",2007,8
41,"51,9",2007,8
42,56,2007,8
43,"52,5",2007,8
50,"49,7",2007,8
51,"45,7",2007,8
52,"53,5",2007,8
53,"74,8",2007,8
11,"34,7",2007,9
12,"38,9",2007,9
13,"58,4",2007,9
14,"34,9",2007,9
15,"51,3",2007,9
16,"54,3",2007,9
17,"33,4",2007,9
21,43,2007,9
22,"44,8",2007,9
23,"44,9",2007,9
24,"52,2",2007,9
25,"42,4",2007,9
26,"48,4",2007,9
27,"44,6",2007,9
28,"46,7",2007,9
29,"50,6",2007,9
31,"53,3",2007,9
32,"49,1",2007,9
33,"49,6",2007,9
35,"53,8",2007,9
41,"49,8",2007,9
42,"53,9",2007,9
43,"48,6",2007,9
50,"46,2",2007,9
51,"43,5",2007,9
52,"50,8",2007,9
53,"67,4",2007,9
11,"39,8",2007,10
12,"40,7",2007,10
13,"63,1",2007,10
14,"39,4",2007,10
15,"55,2",2007,10
16,"58,3",2007,10
17,"36,5",2007,10
21,"46,2",2007,10
22,"47,5",2007,10
23,"48,3",2007,10
24,"54,3",2007,10
25,"46,4",2007,10
26,"52,1",2007,10
27,"50,2",2007,10
28,"52,5",2007,10
29,"54,2",2007,10
31,"57,4",2007,10
32,"53,9",2007,10
33,"53,5",2007,10
35,"59,1",2007,10
41,"54,4",2007,10
42,"57,9",2007,10
43,55,2007,10
50,"50,3",2007,10
51,"47,7",2007,10
52,55,2007,10
53,"73,1",2007,10
11,41,2007,11
12,"40,9",2007,11
13,"66,3",2007,11
14,"41,3",2007,11
15,"53,8",2007,11
16,"56,4",2007,11
17,"34,9",2007,11
21,49,2007,11
22,"47,8",2007,11
23,49,2007,11
24,"55,4",2007,11
25,"48,5",2007,11
26,"53,3",2007,11
27,"49,7",2007,11
28,"52,7",2007,11
29,"53,6",2007,11
31,"57,3",2007,11
32,"54,7",2007,11
33,"54,2",2007,11
35,59,2007,11
41,"53,2",2007,11
42,"59,2",2007,11
43,"54,7",2007,11
50,"51,8",2007,11
51,"45,4",2007,11
52,"55,7",2007,11
53,74,2007,11
11,"51,9",2007,12
12,"50,1",2007,12
13,"80,1",2007,12
14,46,2007,12
15,"76,2",2007,12
16,"73,5",2007,12
17,"42,9",2007,12
21,"57,3",2007,12
22,"61,6",2007,12
23,"60,4",2007,12
24,"70,4",2007,12
25,"60,7",2007,12
26,"66,4",2007,12
27,65,2007,12
28,"66,6",2007,12
29,"67,8",2007,12
31,"68,1",2007,12
32,65,2007,12
33,"69,3",2007,12
35,"68,1",2007,12
41,"62,7",2007,12
42,"69,6",2007,12
43,"67,2",2007,12
50,"60,7",2007,12
51,55,2007,12
52,"62,6",2007,12
53,"84,7",2007,12
11,"34,8",2008,1
12,"37,7",2008,1
13,"60,7",2008,1
14,"37,4",2008,1
15,"55,4",2008,1
16,"57,5",2008,1
17,"35,6",2008,1
21,"44,3",2008,1
22,"49,6",2008,1
23,"49,9",2008,1
24,"55,8",2008,1
25,"47,8",2008,1
26,"52,6",2008,1
27,"48,8",2008,1
28,"52,9",2008,1
29,"55,1",2008,1
31,"56,4",2008,1
32,55,2008,1
33,"54,8",2008,1
35,"55,8",2008,1
41,"53,3",2008,1
42,"56,4",2008,1
43,"50,8",2008,1
50,"50,5",2008,1
51,"43,7",2008,1
52,"56,8",2008,1
53,"69,9",2008,1
11,"36,2",2008,2
12,"37,7",2008,2
13,"56,7",2008,2
14,"36,2",2008,2
15,"48,1",2008,2
16,"49,1",2008,2
17,32,2008,2
21,"41,3",2008,2
22,"44,2",2008,2
23,"42,9",2008,2
24,"50,9",2008,2
25,"42,9",2008,2
26,"46,8",2008,2
27,46,2008,2
28,"48,7",2008,2
29,"49,5",2008,2
31,"52,2",2008,2
32,"52,8",2008,2
33,"48,8",2008,2
35,"53,2",2008,2
41,"49,9",2008,2
42,"54,8",2008,2
43,"48,5",2008,2
50,"48,3",2008,2
51,"43,6",2008,2
52,"53,7",2008,2
53,"65,8",2008,2
11,42,2008,3
12,42,2008,3
13,"61,8",2008,3
14,"40,4",2008,3
15,"52,2",2008,3
16,"53,6",2008,3
17,"33,8",2008,3
21,"44,1",2008,3
22,"47,8",2008,3
23,"46,3",2008,3
24,56,2008,3
25,"46,6",2008,3
26,"52,5",2008,3
27,"50,2",2008,3
28,"52,3",2008,3
29,"55,9",2008,3
31,"57,9",2008,3
32,"58,7",2008,3
33,"55,9",2008,3
35,"60,6",2008,3
41,"56,1",2008,3
42,"59,5",2008,3
43,"55,3",2008,3
50,"52,5",2008,3
51,"48,1",2008,3
52,"58,1",2008,3
53,"72,5",2008,3
11,"42,6",2008,4
12,"44,9",2008,4
13,"63,1",2008,4
14,"41,9",2008,4
15,"52,1",2008,4
16,"57,8",2008,4
17,"33,7",2008,4
21,"46,9",2008,4
22,"48,2",2008,4
23,"49,4",2008,4
24,"56,6",2008,4
25,46,2008,4
26,"51,7",2008,4
27,"48,8",2008,4
28,"54,5",2008,4
29,"55,3",2008,4
31,"58,9",2008,4
32,60,2008,4
33,"54,5",2008,4
35,"60,1",2008,4
41,"54,9",2008,4
42,"59,4",2008,4
43,"56,4",2008,4
50,"55,1",2008,4
51,"49,7",2008,4
52,"59,5",2008,4
53,"71,2",2008,4
11,47,2008,5
12,"44,9",2008,5
13,"67,4",2008,5
14,"45,5",2008,5
15,"56,6",2008,5
16,64,2008,5
17,"38,6",2008,5
21,49,2008,5
22,"52,2",2008,5
23,"52,4",2008,5
24,58,2008,5
25,"51,6",2008,5
26,"55,5",2008,5
27,52,2008,5
28,"55,3",2008,5
29,"59,4",2008,5
31,"61,6",2008,5
32,61,2008,5
33,"57,3",2008,5
35,"63,9",2008,5
41,"57,4",2008,5
42,"60,5",2008,5
43,"58,7",2008,5
50,"57,2",2008,5
51,"51,9",2008,5
52,"61,5",2008,5
53,72,2008,5
11,"45,7",2008,6
12,"44,4",2008,6
13,"64,5",2008,6
14,"43,1",2008,6
15,"54,7",2008,6
16,"65,2",2008,6
17,"38,1",2008,6
21,"47,7",2008,6
22,"51,5",2008,6
23,"50,8",2008,6
24,56,2008,6
25,"46,9",2008,6
26,"51,1",2008,6
27,"48,2",2008,6
28,"53,2",2008,6
29,"57,1",2008,6
31,"60,6",2008,6
32,"59,6",2008,6
33,"55,9",2008,6
35,64,2008,6
41,"56,2",2008,6
42,"60,1",2008,6
43,"57,4",2008,6
50,56,2008,6
51,"53,1",2008,6
52,"62,9",2008,6
53,"70,3",2008,6
11,"50,6",2008,7
12,"48,2",2008,7
13,"69,8",2008,7
14,"46,6",2008,7
15,58,2008,7
16,"69,7",2008,7
17,"40,6",2008,7
21,"53,3",2008,7
22,56,2008,7
23,"56,6",2008,7
24,"60,6",2008,7
25,"53,8",2008,7
26,"56,5",2008,7
27,53,2008,7
28,"56,2",2008,7
29,"60,1",2008,7
31,"64,8",2008,7
32,"64,6",2008,7
33,"58,8",2008,7
35,"66,1",2008,7
41,"60,5",2008,7
42,"64,1",2008,7
43,"59,2",2008,7
50,61,2008,7
51,"58,2",2008,7
52,"66,6",2008,7
53,"73,6",2008,7
11,"51,3",2008,8
12,"46,5",2008,8
13,"68,2",2008,8
14,"46,2",2008,8
15,"55,6",2008,8
16,"64,8",2008,8
17,"39,1",2008,8
21,"52,1",2008,8
22,"55,2",2008,8
23,"55,3",2008,8
24,"59,1",2008,8
25,"54,5",2008,8
26,"55,7",2008,8
27,"51,8",2008,8
28,"56,8",2008,8
29,"60,4",2008,8
31,"63,2",2008,8
32,"61,8",2008,8
33,"57,1",2008,8
35,"65,2",2008,8
41,60,2008,8
42,"62,6",2008,8
43,"58,4",2008,8
50,"59,2",2008,8
51,"56,8",2008,8
52,"63,1",2008,8
53,"73,1",2008,8
11,"49,1",2008,9
12,"48,7",2008,9
13,"68,1",2008,9
14,"46,9",2008,9
15,"57,9",2008,9
16,"63,6",2008,9
17,"41,9",2008,9
21,"53,7",2008,9
22,"56,3",2008,9
23,"58,4",2008,9
24,"59,8",2008,9
25,56,2008,9
26,"57,5",2008,9
27,"52,2",2008,9
28,"59,3",2008,9
29,"60,1",2008,9
31,"63,6",2008,9
32,"63,2",2008,9
33,"57,4",2008,9
35,"67,4",2008,9
41,"59,3",2008,9
42,"64,2",2008,9
43,"58,1",2008,9
50,"60,4",2008,9
51,"57,8",2008,9
52,"63,9",2008,9
53,"70,9",2008,9
11,"51,1",2008,10
12,"48,6",2008,10
13,"68,3",2008,10
14,"47,9",2008,10
15,"56,2",2008,10
16,"65,5",2008,10
17,41,2008,10
21,51,2008,10
22,"53,4",2008,10
23,"54,5",2008,10
24,"56,9",2008,10
25,"50,6",2008,10
26,"56,8",2008,10
27,"55,5",2008,10
28,"58,4",2008,10
29,"60,1",2008,10
31,"64,8",2008,10
32,63,2008,10
33,"57,1",2008,10
35,"64,1",2008,10
41,58,2008,10
42,62,2008,10
43,"60,2",2008,10
50,"59,5",2008,10
51,"57,1",2008,10
52,"60,5",2008,10
53,"70,6",2008,10
11,"48,7",2008,11
12,"42,4",2008,11
13,"65,3",2008,11
14,"47,1",2008,11
15,"53,6",2008,11
16,"61,5",2008,11
17,"37,2",2008,11
21,"47,9",2008,11
22,"53,2",2008,11
23,"51,2",2008,11
24,"55,4",2008,11
25,"50,4",2008,11
26,"54,8",2008,11
27,"51,3",2008,11
28,"54,9",2008,11
29,"57,1",2008,11
31,"57,9",2008,11
32,"54,1",2008,11
33,"54,9",2008,11
35,60,2008,11
41,"53,3",2008,11
42,"55,9",2008,11
43,"56,6",2008,11
50,"51,9",2008,11
51,"50,2",2008,11
52,"53,1",2008,11
53,"67,3",2008,11
11,"65,1",2008,12
12,"54,5",2008,12
13,"82,8",2008,12
14,"56,2",2008,12
15,"74,9",2008,12
16,"82,2",2008,12
17,"43,9",2008,12
21,"61,4",2008,12
22,"71,6",2008,12
23,"65,5",2008,12
24,"74,2",2008,12
25,"65,9",2008,12
26,"68,5",2008,12
27,"67,9",2008,12
28,"72,7",2008,12
29,"73,6",2008,12
31,72,2008,12
32,67,2008,12
33,"74,1",2008,12
35,"71,9",2008,12
41,"65,1",2008,12
42,74,2008,12
43,"70,5",2008,12
50,"64,9",2008,12
51,"59,5",2008,12
52,"64,4",2008,12
53,"82,5",2008,12
11,"44,3",2009,1
12,"41,7",2009,1
13,"63,3",2009,1
14,"45,6",2009,1
15,53,2009,1
16,"60,9",2009,1
17,"37,2",2009,1
21,"51,7",2009,1
22,"54,8",2009,1
23,"52,8",2009,1
24,"57,7",2009,1
25,"48,7",2009,1
26,"55,8",2009,1
27,"53,2",2009,1
28,"59,2",2009,1
29,"57,9",2009,1
31,"59,6",2009,1
32,"59,3",2009,1
33,"58,9",2009,1
35,"59,2",2009,1
41,"55,4",2009,1
42,"60,1",2009,1
43,"53,3",2009,1
50,"54,7",2009,1
51,"50,1",2009,1
52,"59,9",2009,1
53,69,2009,1
11,"42,2",2009,2
12,"42,4",2009,2
13,58,2009,2
14,"43,7",2009,2
15,"48,1",2009,2
16,"55,2",2009,2
17,"35,1",2009,2
21,"45,2",2009,2
22,"49,7",2009,2
23,"47,6",2009,2
24,"51,8",2009,2
25,"43,2",2009,2
26,"48,5",2009,2
27,"48,6",2009,2
28,"53,9",2009,2
29,"53,6",2009,2
31,"54,5",2009,2
32,"54,2",2009,2
33,"52,9",2009,2
35,"55,8",2009,2
41,"50,5",2009,2
42,"56,9",2009,2
43,"49,3",2009,2
50,"49,5",2009,2
51,46,2009,2
52,"52,3",2009,2
53,"66,1",2009,2
11,49,2009,3
12,"48,2",2009,3
13,67,2009,3
14,"51,2",2009,3
15,"54,8",2009,3
16,"60,9",2009,3
17,"40,6",2009,3
21,"49,8",2009,3
22,56,2009,3
23,"53,4",2009,3
24,"58,1",2009,3
25,"50,1",2009,3
26,"56,7",2009,3
27,"55,4",2009,3
28,61,2009,3
29,"61,8",2009,3
31,"64,3",2009,3
32,"62,5",2009,3
33,"61,5",2009,3
35,"65,7",2009,3
41,"59,8",2009,3
42,"63,9",2009,3
43,"59,4",2009,3
50,57,2009,3
51,"53,4",2009,3
52,63,2009,3
53,"74,7",2009,3
11,"47,7",2009,4
12,"42,2",2009,4
13,"60,6",2009,4
14,"49,9",2009,4
15,"51,4",2009,4
16,"58,9",2009,4
17,37,2009,4
21,"45,7",2009,4
22,"52,2",2009,4
23,"51,6",2009,4
24,"54,3",2009,4
25,"47,3",2009,4
26,53,2009,4
27,"51,5",2009,4
28,56,2009,4
29,"57,1",2009,4
31,"60,8",2009,4
32,57,2009,4
33,"55,9",2009,4
35,"61,8",2009,4
41,"55,5",2009,4
42,60,2009,4
43,"56,6",2009,4
50,"54,5",2009,4
51,"49,1",2009,4
52,"56,4",2009,4
53,"67,9",2009,4
11,"53,2",2009,5
12,"48,4",2009,5
13,"67,2",2009,5
14,"51,2",2009,5
15,58,2009,5
16,"64,3",2009,5
17,43,2009,5
21,"52,1",2009,5
22,"59,9",2009,5
23,"57,2",2009,5
24,60,2009,5
25,"53,1",2009,5
26,"57,8",2009,5
27,"56,6",2009,5
28,"62,1",2009,5
29,"62,4",2009,5
31,"63,7",2009,5
32,"60,6",2009,5
33,"60,5",2009,5
35,"66,8",2009,5
41,"59,1",2009,5
42,"62,8",2009,5
43,"59,8",2009,5
50,"58,9",2009,5
51,"54,3",2009,5
52,62,2009,5
53,"73,3",2009,5
11,52,2009,6
12,50,2009,6
13,"67,6",2009,6
14,"50,4",2009,6
15,"58,5",2009,6
16,"67,1",2009,6
17,"45,2",2009,6
21,"53,8",2009,6
22,"64,8",2009,6
23,60,2009,6
24,"60,3",2009,6
25,"54,9",2009,6
26,"59,1",2009,6
27,"55,2",2009,6
28,"64,2",2009,6
29,"63,7",2009,6
31,"66,2",2009,6
32,66,2009,6
33,63,2009,6
35,"70,7",2009,6
41,"60,1",2009,6
42,"64,2",2009,6
43,"60,7",2009,6
50,60,2009,6
51,"56,4",2009,6
52,"66,2",2009,6
53,"76,6",2009,6
11,"56,4",2009,7
12,"54,7",2009,7
13,"69,2",2009,7
14,"50,6",2009,7
15,"59,5",2009,7
16,"73,2",2009,7
17,"40,7",2009,7
21,"56,7",2009,7
22,"64,2",2009,7
23,60,2009,7
24,"59,4",2009,7
25,"53,7",2009,7
26,"58,4",2009,7
27,"57,9",2009,7
28,"63,5",2009,7
29,"62,6",2009,7
31,66,2009,7
32,"63,9",2009,7
33,"60,8",2009,7
35,"66,6",2009,7
41,"58,6",2009,7
42,62,2009,7
43,"58,6",2009,7
50,"60,3",2009,7
51,"57,5",2009,7
52,"64,4",2009,7
53,"74,5",2009,7
11,"55,9",2009,8
12,"55,2",2009,8
13,"70,2",2009,8
14,"48,3",2009,8
15,62,2009,8
16,"71,7",2009,8
17,"39,6",2009,8
21,"55,8",2009,8
22,"66,2",2009,8
23,"60,7",2009,8
24,"61,8",2009,8
25,53,2009,8
26,"60,4",2009,8
27,"57,5",2009,8
28,"66,4",2009,8
29,"63,9",2009,8
31,"65,9",2009,8
32,"64,8",2009,8
33,"62,1",2009,8
35,69,2009,8
41,"61,9",2009,8
42,"63,9",2009,8
43,"58,9",2009,8
50,"59,8",2009,8
51,"57,4",2009,8
52,"63,1",2009,8
53,"75,1",2009,8
11,"58,3",2009,9
12,"57,7",2009,9
13,"72,8",2009,9
14,"48,8",2009,9
15,"64,3",2009,9
16,"72,9",2009,9
17,"44,9",2009,9
21,"56,2",2009,9
22,"67,9",2009,9
23,"63,5",2009,9
24,"66,4",2009,9
25,"57,8",2009,9
26,"63,8",2009,9
27,"61,2",2009,9
28,"71,5",2009,9
29,67,2009,9
31,"69,3",2009,9
32,"72,1",2009,9
33,"63,5",2009,9
35,"72,2",2009,9
41,"63,8",2009,9
42,"66,7",2009,9
43,"60,9",2009,9
50,"64,5",2009,9
51,"59,9",2009,9
52,"67,5",2009,9
53,"79,8",2009,9
11,"56,3",2009,10
12,"57,4",2009,10
13,"72,6",2009,10
14,"51,6",2009,10
15,"64,1",2009,10
16,"74,6",2009,10
17,"39,5",2009,10
21,"55,7",2009,10
22,"64,8",2009,10
23,"62,7",2009,10
24,"64,1",2009,10
25,"56,6",2009,10
26,"63,1",2009,10
27,"60,8",2009,10
28,"70,7",2009,10
29,"66,5",2009,10
31,"71,3",2009,10
32,"72,9",2009,10
33,"63,8",2009,10
35,"71,4",2009,10
41,"64,9",2009,10
42,"67,4",2009,10
43,"64,2",2009,10
50,"65,2",2009,10
51,"60,2",2009,10
52,"66,4",2009,10
53,"78,3",2009,10
11,"59,8",2009,11
12,"53,9",2009,11
13,"71,9",2009,11
14,"53,7",2009,11
15,"61,5",2009,11
16,70,2009,11
17,41,2009,11
21,"53,9",2009,11
22,"66,1",2009,11
23,"59,7",2009,11
24,"61,8",2009,11
25,"55,8",2009,11
26,"63,5",2009,11
27,"62,3",2009,11
28,"67,3",2009,11
29,"64,2",2009,11
31,"67,1",2009,11
32,"64,2",2009,11
33,"62,6",2009,11
35,70,2009,11
41,62,2009,11
42,"67,7",2009,11
43,"62,8",2009,11
50,"61,6",2009,11
51,"56,7",2009,11
52,"63,1",2009,11
53,"73,4",2009,11
11,"75,5",2009,12
12,"68,9",2009,12
13,"91,4",2009,12
14,"64,9",2009,12
15,"88,8",2009,12
16,"96,1",2009,12
17,"50,1",2009,12
21,"69,2",2009,12
22,"84,2",2009,12
23,"78,3",2009,12
24,"81,8",2009,12
25,"74,9",2009,12
26,"81,3",2009,12
27,"82,7",2009,12
28,"86,9",2009,12
29,"83,6",2009,12
31,"82,4",2009,12
32,"81,1",2009,12
33,"81,7",2009,12
35,"82,4",2009,12
41,"76,6",2009,12
42,"84,5",2009,12
43,"81,7",2009,12
50,"75,4",2009,12
51,"73,3",2009,12
52,"76,8",2009,12
53,"90,3",2009,12
11,"52,8",2010,1
12,"50,6",2010,1
13,"71,1",2010,1
14,"51,7",2010,1
15,"60,6",2010,1
16,72,2010,1
17,"43,6",2010,1
21,"56,2",2010,1
22,"62,9",2010,1
23,"62,5",2010,1
24,"61,6",2010,1
25,"56,5",2010,1
26,"63,4",2010,1
27,"60,4",2010,1
28,"66,5",2010,1
29,"65,8",2010,1
31,"67,3",2010,1
32,"68,6",2010,1
33,"64,1",2010,1
35,"66,1",2010,1
41,"61,6",2010,1
42,"65,6",2010,1
43,"59,1",2010,1
50,"60,8",2010,1
51,"56,8",2010,1
52,"66,7",2010,1
53,"74,3",2010,1
11,"54,8",2010,2
12,"50,5",2010,2
13,"66,1",2010,2
14,"51,3",2010,2
15,"56,3",2010,2
16,"64,9",2010,2
17,"44,7",2010,2
21,"52,2",2010,2
22,"57,4",2010,2
23,"57,7",2010,2
24,"57,9",2010,2
25,"51,4",2010,2
26,"57,8",2010,2
27,"57,2",2010,2
28,"63,9",2010,2
29,"61,3",2010,2
31,64,2010,2
32,"66,3",2010,2
33,"59,4",2010,2
35,"64,9",2010,2
41,"57,7",2010,2
42,"64,9",2010,2
43,"55,8",2010,2
50,"56,3",2010,2
51,"55,6",2010,2
52,"61,2",2010,2
53,"69,4",2010,2
11,"69,6",2010,3
12,"62,4",2010,3
13,"79,8",2010,3
14,"61,5",2010,3
15,"68,8",2010,3
16,"78,1",2010,3
17,"58,6",2010,3
21,"63,8",2010,3
22,"76,2",2010,3
23,"71,7",2010,3
24,"73,6",2010,3
25,"67,3",2010,3
26,72,2010,3
27,"73,3",2010,3
28,"81,5",2010,3
29,"77,5",2010,3
31,"79,2",2010,3
32,"87,5",2010,3
33,"73,4",2010,3
35,81,2010,3
41,"73,8",2010,3
42,"76,9",2010,3
43,72,2010,3
50,"74,4",2010,3
51,"67,4",2010,3
52,"80,4",2010,3
53,"89,6",2010,3
11,"62,7",2010,4
12,"53,2",2010,4
13,"71,1",2010,4
14,"59,2",2010,4
15,"61,7",2010,4
16,"71,2",2010,4
17,"50,5",2010,4
21,"59,7",2010,4
22,"58,4",2010,4
23,"62,9",2010,4
24,"61,9",2010,4
25,"58,7",2010,4
26,"61,8",2010,4
27,"62,8",2010,4
28,"69,5",2010,4
29,"64,9",2010,4
31,"71,5",2010,4
32,73,2010,4
33,"62,4",2010,4
35,"70,6",2010,4
41,"64,1",2010,4
42,"67,7",2010,4
43,"64,9",2010,4
50,"65,2",2010,4
51,"59,9",2010,4
52,"66,8",2010,4
53,"74,2",2010,4
11,"65,5",2010,5
12,"58,2",2010,5
13,"74,1",2010,5
14,"60,8",2010,5
15,"69,8",2010,5
16,"81,8",2010,5
17,"54,2",2010,5
21,"61,1",2010,5
22,"67,2",2010,5
23,"68,3",2010,5
24,66,2010,5
25,"66,5",2010,5
26,"67,9",2010,5
27,"66,4",2010,5
28,"75,5",2010,5
29,"70,9",2010,5
31,"73,9",2010,5
32,"78,5",2010,5
33,"67,2",2010,5
35,"74,8",2010,5
41,"67,8",2010,5
42,"69,2",2010,5
43,"67,9",2010,5
50,"68,2",2010,5
51,64,2010,5
52,"70,2",2010,5
53,"78,2",2010,5
11,"64,9",2010,6
12,"62,8",2010,6
13,"74,2",2010,6
14,"61,1",2010,6
15,"65,1",2010,6
16,"78,3",2010,6
17,"60,7",2010,6
21,"60,6",2010,6
22,"65,6",2010,6
23,"65,7",2010,6
24,"64,1",2010,6
25,"64,1",2010,6
26,65,2010,6
27,"59,7",2010,6
28,"71,3",2010,6
29,"68,2",2010,6
31,"75,1",2010,6
32,"79,3",2010,6
33,"64,9",2010,6
35,73,2010,6
41,"66,1",2010,6
42,"70,4",2010,6
43,"67,3",2010,6
50,"67,2",2010,6
51,"62,3",2010,6
52,"71,8",2010,6
53,"76,7",2010,6
11,"68,7",2010,7
12,"66,7",2010,7
13,"78,6",2010,7
14,"63,5",2010,7
15,"69,9",2010,7
16,"88,8",2010,7
17,"57,7",2010,7
21,"67,6",2010,7
22,71,2010,7
23,"71,2",2010,7
24,"68,8",2010,7
25,"70,6",2010,7
26,"69,7",2010,7
27,"68,8",2010,7
28,"73,2",2010,7
29,"70,8",2010,7
31,"77,2",2010,7
32,"79,3",2010,7
33,"68,3",2010,7
35,"75,4",2010,7
41,"69,1",2010,7
42,"72,2",2010,7
43,"69,3",2010,7
50,"68,9",2010,7
51,"69,4",2010,7
52,"74,4",2010,7
53,"84,3",2010,7
11,71,2010,8
12,"69,2",2010,8
13,"82,2",2010,8
14,"66,5",2010,8
15,71,2010,8
16,"88,9",2010,8
17,"64,7",2010,8
21,68,2010,8
22,"70,6",2010,8
23,"73,8",2010,8
24,69,2010,8
25,"71,4",2010,8
26,"72,5",2010,8
27,"70,2",2010,8
28,"74,5",2010,8
29,"71,2",2010,8
31,78,2010,8
32,"80,2",2010,8
33,"69,7",2010,8
35,"79,4",2010,8
41,72,2010,8
42,"74,4",2010,8
43,"70,7",2010,8
50,"70,6",2010,8
51,71,2010,8
52,"75,5",2010,8
53,"83,8",2010,8
11,"72,1",2010,9
12,"66,6",2010,9
13,"78,1",2010,9
14,"68,5",2010,9
15,"70,7",2010,9
16,"83,2",2010,9
17,"63,4",2010,9
21,"66,8",2010,9
22,"72,5",2010,9
23,"71,3",2010,9
24,"68,2",2010,9
25,"69,2",2010,9
26,"70,3",2010,9
27,"67,6",2010,9
28,"73,8",2010,9
29,"70,8",2010,9
31,"78,2",2010,9
32,"83,5",2010,9
33,"69,6",2010,9
35,"77,2",2010,9
41,"70,2",2010,9
42,"73,1",2010,9
43,"68,9",2010,9
50,"72,7",2010,9
51,"69,9",2010,9
52,"74,7",2010,9
53,"81,6",2010,9
11,74,2010,10
12,"70,1",2010,10
13,"81,6",2010,10
14,"65,2",2010,10
15,"72,1",2010,10
16,"83,7",2010,10
17,"65,6",2010,10
21,"66,6",2010,10
22,"68,9",2010,10
23,"72,4",2010,10
24,"71,5",2010,10
25,"68,6",2010,10
26,"72,9",2010,10
27,"70,4",2010,10
28,"77,9",2010,10
29,"74,6",2010,10
31,"79,7",2010,10
32,81,2010,10
33,"73,3",2010,10
35,"81,2",2010,10
41,"74,1",2010,10
42,"74,9",2010,10
43,"74,1",2010,10
50,"74,1",2010,10
51,74,2010,10
52,"79,6",2010,10
53,"85,5",2010,10
11,"77,6",2010,11
12,"70,4",2010,11
13,"81,5",2010,11
14,"65,6",2010,11
15,"73,4",2010,11
16,"89,8",2010,11
17,"64,4",2010,11
21,"69,5",2010,11
22,74,2010,11
23,76,2010,11
24,"72,2",2010,11
25,"71,8",2010,11
26,"76,4",2010,11
27,"77,3",2010,11
28,"80,9",2010,11
29,"77,3",2010,11
31,"80,4",2010,11
32,"82,2",2010,11
33,"74,6",2010,11
35,"82,6",2010,11
41,"75,6",2010,11
42,"77,3",2010,11
43,"76,6",2010,11
50,"74,3",2010,11
51,"74,4",2010,11
52,"79,1",2010,11
53,"87,7",2010,11
11,"96,7",2010,12
12,"93,8",2010,12
13,"102,6",2010,12
14,"75,8",2010,12
15,"104,7",2010,12
16,"109,2",2010,12
17,"76,2",2010,12
21,"87,9",2010,12
22,"96,6",2010,12
23,"96,5",2010,12
24,"94,4",2010,12
25,"90,2",2010,12
26,"94,9",2010,12
27,"101,7",2010,12
28,"106,9",2010,12
29,"97,9",2010,12
31,"100,3",2010,12
32,"105,7",2010,12
33,"97,1",2010,12
35,"96,2",2010,12
41,"92,2",2010,12
42,98,2010,12
43,"96,4",2010,12
50,"92,6",2010,12
51,"88,3",2010,12
52,95,2010,12
53,105,2010,12
11,"64,4",2011,1
12,"63,2",2011,1
13,"78,4",2011,1
14,"64,3",2011,1
15,"68,7",2011,1
16,"81,1",2011,1
17,"70,8",2011,1
21,"65,3",2011,1
22,"69,3",2011,1
23,72,2011,1
24,"72,7",2011,1
25,"68,2",2011,1
26,"72,2",2011,1
27,"69,3",2011,1
28,"74,4",2011,1
29,"73,7",2011,1
31,"80,2",2011,1
32,"90,4",2011,1
33,"73,9",2011,1
35,"74,4",2011,1
41,"69,9",2011,1
42,"75,4",2011,1
43,"68,1",2011,1
50,"67,7",2011,1
51,"70,7",2011,1
52,"75,8",2011,1
53,"81,6",2011,1
11,"67,1",2011,2
12,64,2011,2
13,"74,2",2011,2
14,"59,1",2011,2
15,"66,2",2011,2
16,"72,7",2011,2
17,"61,9",2011,2
21,"65,2",2011,2
22,"66,7",2011,2
23,"71,4",2011,2
24,"68,8",2011,2
25,69,2011,2
26,"68,5",2011,2
27,"68,2",2011,2
28,"71,3",2011,2
29,"71,8",2011,2
31,"77,4",2011,2
32,"91,3",2011,2
33,"71,9",2011,2
35,"73,4",2011,2
41,"70,4",2011,2
42,74,2011,2
43,"67,4",2011,2
50,"67,7",2011,2
51,"64,8",2011,2
52,74,2011,2
53,"80,8",2011,2
11,"71,9",2011,3
12,"69,2",2011,3
13,"77,6",2011,3
14,67,2011,3
15,"70,5",2011,3
16,"72,1",2011,3
17,"66,4",2011,3
21,"68,5",2011,3
22,70,2011,3
23,"73,3",2011,3
24,"69,5",2011,3
25,"69,7",2011,3
26,"69,9",2011,3
27,"70,8",2011,3
28,"75,2",2011,3
29,"74,5",2011,3
31,"82,5",2011,3
32,"101,5",2011,3
33,"72,7",2011,3
35,"80,5",2011,3
41,"75,9",2011,3
42,"81,9",2011,3
43,"74,5",2011,3
50,"71,4",2011,3
51,"72,8",2011,3
52,"81,4",2011,3
53,"83,3",2011,3
11,"73,7",2011,4
12,"65,4",2011,4
13,"75,9",2011,4
14,"63,4",2011,4
15,"70,4",2011,4
16,"71,6",2011,4
17,"66,7",2011,4
21,"72,8",2011,4
22,"67,6",2011,4
23,"72,1",2011,4
24,"69,1",2011,4
25,"69,4",2011,4
26,"70,9",2011,4
27,"68,4",2011,4
28,"72,4",2011,4
29,74,2011,4
31,82,2011,4
32,"100,3",2011,4
33,"73,9",2011,4
35,"79,5",2011,4
41,"75,9",2011,4
42,"79,1",2011,4
43,"73,9",2011,4
50,"71,7",2011,4
51,"69,3",2011,4
52,"80,4",2011,4
53,"83,7",2011,4
11,"80,1",2011,5
12,"71,6",2011,5
13,83,2011,5
14,"65,6",2011,5
15,"74,9",2011,5
16,"76,5",2011,5
17,"72,1",2011,5
21,"74,2",2011,5
22,74,2011,5
23,"77,4",2011,5
24,"71,5",2011,5
25,"73,5",2011,5
26,"75,5",2011,5
27,"72,7",2011,5
28,"77,6",2011,5
29,"78,3",2011,5
31,"86,8",2011,5
32,"108,6",2011,5
33,"76,8",2011,5
35,85,2011,5
41,"78,6",2011,5
42,"80,4",2011,5
43,"77,2",2011,5
50,"81,3",2011,5
51,"74,3",2011,5
52,"83,5",2011,5
53,"85,8",2011,5
11,"74,9",2011,6
12,"65,4",2011,6
13,"80,5",2011,6
14,"61,3",2011,6
15,"73,8",2011,6
16,"78,4",2011,6
17,"72,8",2011,6
21,70,2011,6
22,"74,2",2011,6
23,"75,1",2011,6
24,"69,3",2011,6
25,"71,9",2011,6
26,72,2011,6
27,"67,8",2011,6
28,"74,2",2011,6
29,"74,6",2011,6
31,"83,5",2011,6
32,"94,8",2011,6
33,"73,7",2011,6
35,"81,2",2011,6
41,"75,6",2011,6
42,78,2011,6
43,"76,1",2011,6
50,74,2011,6
51,"70,7",2011,6
52,"80,2",2011,6
53,"81,9",2011,6
11,"85,3",2011,7
12,"71,9",2011,7
13,"83,1",2011,7
14,"64,3",2011,7
15,75,2011,7
16,"80,6",2011,7
17,"77,5",2011,7
21,"75,1",2011,7
22,"76,8",2011,7
23,"78,8",2011,7
24,"73,7",2011,7
25,"74,6",2011,7
26,"76,1",2011,7
27,"71,3",2011,7
28,"74,5",2011,7
29,"77,3",2011,7
31,"86,6",2011,7
32,"86,5",2011,7
33,"75,7",2011,7
35,83,2011,7
41,78,2011,7
42,"81,4",2011,7
43,"75,6",2011,7
50,"75,6",2011,7
51,"76,5",2011,7
52,"80,4",2011,7
53,"86,4",2011,7
11,"88,4",2011,8
12,"73,9",2011,8
13,"86,9",2011,8
14,"73,3",2011,8
15,"77,6",2011,8
16,"83,6",2011,8
17,"77,8",2011,8
21,"79,3",2011,8
22,"78,1",2011,8
23,"80,9",2011,8
24,"75,1",2011,8
25,"77,4",2011,8
26,"78,8",2011,8
27,"75,8",2011,8
28,"76,9",2011,8
29,"78,3",2011,8
31,"86,8",2011,8
32,"88,4",2011,8
33,"77,1",2011,8
35,"85,2",2011,8
41,80,2011,8
42,"80,6",2011,8
43,"77,7",2011,8
50,"76,2",2011,8
51,"78,6",2011,8
52,"84,8",2011,8
53,"86,8",2011,8
11,"84,3",2011,9
12,"73,5",2011,9
13,"79,8",2011,9
14,"71,1",2011,9
15,"74,7",2011,9
16,"75,1",2011,9
17,"72,6",2011,9
21,"74,3",2011,9
22,"74,7",2011,9
23,"78,8",2011,9
24,"71,6",2011,9
25,"76,5",2011,9
26,"76,8",2011,9
27,"71,7",2011,9
28,"75,5",2011,9
29,"74,9",2011,9
31,86,2011,9
32,"88,3",2011,9
33,"75,1",2011,9
35,"83,3",2011,9
41,"77,7",2011,9
42,"80,6",2011,9
43,"74,8",2011,9
50,"74,7",2011,9
51,"75,6",2011,9
52,"81,1",2011,9
53,"84,3",2011,9
11,"85,3",2011,10
12,"68,9",2011,10
13,"82,4",2011,10
14,"70,4",2011,10
15,"76,6",2011,10
16,"77,5",2011,10
17,"70,6",2011,10
21,"70,7",2011,10
22,"70,4",2011,10
23,"76,9",2011,10
24,"72,5",2011,10
25,"74,1",2011,10
26,"76,1",2011,10
27,"72,3",2011,10
28,"78,6",2011,10
29,"75,2",2011,10
31,"85,6",2011,10
32,"84,3",2011,10
33,"76,9",2011,10
35,"84,6",2011,10
41,"77,9",2011,10
42,"79,9",2011,10
43,"78,3",2011,10
50,"76,2",2011,10
51,"77,7",2011,10
52,"79,7",2011,10
53,87,2011,10
11,"86,1",2011,11
12,"70,9",2011,11
13,"89,3",2011,11
14,"70,1",2011,11
15,"76,5",2011,11
16,79,2011,11
17,"75,9",2011,11
21,"76,5",2011,11
22,"78,7",2011,11
23,"79,4",2011,11
24,"74,5",2011,11
25,"78,5",2011,11
26,"78,7",2011,11
27,"76,6",2011,11
28,"80,6",2011,11
29,"77,5",2011,11
31,"86,8",2011,11
32,87,2011,11
33,"79,2",2011,11
35,"87,5",2011,11
41,"81,5",2011,11
42,"82,4",2011,11
43,"80,8",2011,11
50,"77,9",2011,11
51,"77,2",2011,11
52,"81,7",2011,11
53,"88,7",2011,11
11,"110,3",2011,12
12,"99,6",2011,12
13,"108,6",2011,12
14,87,2011,12
15,"110,9",2011,12
16,"101,8",2011,12
17,"98,8",2011,12
21,"99,6",2011,12
22,"105,5",2011,12
23,"99,8",2011,12
24,"99,1",2011,12
25,"101,4",2011,12
26,"100,4",2011,12
27,"100,4",2011,12
28,"105,4",2011,12
29,"102,3",2011,12
31,"107,5",2011,12
32,"112,8",2011,12
33,"101,8",2011,12
35,"102,3",2011,12
41,"103,1",2011,12
42,"103,9",2011,12
43,"104,3",2011,12
50,"96,7",2011,12
51,"97,7",2011,12
52,"97,1",2011,12
53,"105,4",2011,12
11,"73,8",2012,1
12,"69,9",2012,1
13,"79,5",2012,1
14,"73,3",2012,1
15,"77,2",2012,1
16,"82,6",2012,1
17,"76,7",2012,1
21,"76,4",2012,1
22,"77,9",2012,1
23,"79,5",2012,1
24,"74,2",2012,1
25,"75,4",2012,1
26,"79,8",2012,1
27,"75,5",2012,1
28,80,2012,1
29,81,2012,1
31,"85,5",2012,1
32,"95,4",2012,1
33,"77,5",2012,1
35,"84,2",2012,1
41,"81,8",2012,1
42,"80,6",2012,1
43,"76,1",2012,1
50,"76,1",2012,1
51,"76,8",2012,1
52,"86,1",2012,1
53,"86,3",2012,1
11,"71,6",2012,2
12,"64,3",2012,2
13,"75,6",2012,2
14,"72,4",2012,2
15,"71,4",2012,2
16,"76,1",2012,2
17,"70,8",2012,2
21,"71,2",2012,2
22,"73,5",2012,2
23,"72,6",2012,2
24,"69,3",2012,2
25,71,2012,2
26,"72,3",2012,2
27,"71,8",2012,2
28,"76,1",2012,2
29,"75,4",2012,2
31,"81,4",2012,2
32,"90,7",2012,2
33,"71,3",2012,2
35,"79,4",2012,2
41,"75,2",2012,2
42,"77,2",2012,2
43,"69,9",2012,2
50,"72,1",2012,2
51,"73,5",2012,2
52,"76,1",2012,2
53,"80,4",2012,2
11,"77,7",2012,3
12,"72,4",2012,3
13,"85,5",2012,3
14,"82,1",2012,3
15,83,2012,3
16,"79,6",2012,3
17,"80,7",2012,3
21,"78,8",2012,3
22,"80,3",2012,3
23,"80,2",2012,3
24,"76,2",2012,3
25,"84,5",2012,3
26,"81,6",2012,3
27,79,2012,3
28,81,2012,3
29,"86,5",2012,3
31,"95,8",2012,3
32,"102,5",2012,3
33,"79,9",2012,3
35,"91,8",2012,3
41,"84,5",2012,3
42,"85,1",2012,3
43,"83,3",2012,3
50,"79,4",2012,3
51,"84,2",2012,3
52,"85,3",2012,3
53,"93,4",2012,3
11,"75,7",2012,4
12,"70,1",2012,4
13,"81,9",2012,4
14,72,2012,4
15,"76,3",2012,4
16,"74,3",2012,4
17,"74,2",2012,4
21,"71,2",2012,4
22,72,2012,4
23,"76,8",2012,4
24,"70,5",2012,4
25,"69,6",2012,4
26,"74,9",2012,4
27,"76,2",2012,4
28,"77,1",2012,4
29,"79,1",2012,4
31,"83,7",2012,4
32,"82,3",2012,4
33,"73,9",2012,4
35,"85,5",2012,4
41,"79,3",2012,4
42,"75,6",2012,4
43,"77,2",2012,4
50,"72,4",2012,4
51,"76,7",2012,4
52,"80,4",2012,4
53,"84,8",2012,4
11,"85,5",2012,5
12,"79,4",2012,5
13,"88,4",2012,5
14,"80,6",2012,5
15,"88,1",2012,5
16,86,2012,5
17,"81,1",2012,5
21,"79,9",2012,5
22,"85,2",2012,5
23,"83,4",2012,5
24,"78,8",2012,5
25,"80,5",2012,5
26,83,2012,5
27,"80,9",2012,5
28,"83,4",2012,5
29,"85,1",2012,5
31,"91,1",2012,5
32,104,2012,5
33,"79,4",2012,5
35,"91,5",2012,5
41,85,2012,5
42,"82,5",2012,5
43,83,2012,5
50,"81,2",2012,5
51,"83,4",2012,5
52,"87,9",2012,5
53,"90,9",2012,5
11,"89,6",2012,6
12,"81,4",2012,6
13,"84,6",2012,6
14,"79,5",2012,6
15,"87,7",2012,6
16,"87,3",2012,6
17,"85,7",2012,6
21,"79,9",2012,6
22,"81,8",2012,6
23,"88,2",2012,6
24,"79,3",2012,6
25,"79,9",2012,6
26,"84,1",2012,6
27,"84,1",2012,6
28,84,2012,6
29,"88,7",2012,6
31,"90,2",2012,6
32,"105,5",2012,6
33,"81,7",2012,6
35,"91,3",2012,6
41,"88,2",2012,6
42,"84,6",2012,6
43,"85,5",2012,6
50,"80,3",2012,6
51,"85,3",2012,6
52,"88,9",2012,6
53,"94,8",2012,6
11,"94,2",2012,7
12,"85,6",2012,7
13,"86,2",2012,7
14,"82,3",2012,7
15,"87,8",2012,7
16,"91,5",2012,7
17,"90,7",2012,7
21,"87,7",2012,7
22,"84,7",2012,7
23,"92,1",2012,7
24,"81,5",2012,7
25,"78,4",2012,7
26,"84,8",2012,7
27,"84,7",2012,7
28,83,2012,7
29,"86,5",2012,7
31,93,2012,7
32,"95,3",2012,7
33,"82,7",2012,7
35,"92,5",2012,7
41,"86,1",2012,7
42,"83,6",2012,7
43,83,2012,7
50,"84,1",2012,7
51,"90,2",2012,7
52,"90,6",2012,7
53,94,2012,7
11,95,2012,8
12,"88,1",2012,8
13,"91,8",2012,8
14,"91,6",2012,8
15,94,2012,8
16,"101,2",2012,8
17,"93,2",2012,8
21,"93,9",2012,8
22,"89,7",2012,8
23,"94,4",2012,8
24,"86,1",2012,8
25,"83,4",2012,8
26,"92,3",2012,8
27,"91,5",2012,8
28,"91,5",2012,8
29,94,2012,8
31,"96,6",2012,8
32,105,2012,8
33,"88,3",2012,8
35,"99,6",2012,8
41,"93,1",2012,8
42,"91,6",2012,8
43,"91,5",2012,8
50,"91,4",2012,8
51,"95,6",2012,8
52,"98,2",2012,8
53,"104,3",2012,8
11,"83,7",2012,9
12,"74,2",2012,9
13,"80,2",2012,9
14,"81,8",2012,9
15,"82,6",2012,9
16,"94,2",2012,9
17,"78,6",2012,9
21,"79,7",2012,9
22,"77,5",2012,9
23,"82,5",2012,9
24,"78,6",2012,9
25,"77,4",2012,9
26,"78,2",2012,9
27,"78,1",2012,9
28,"80,1",2012,9
29,80,2012,9
31,"86,3",2012,9
32,"89,5",2012,9
33,"77,7",2012,9
35,"87,3",2012,9
41,"79,4",2012,9
42,"78,8",2012,9
43,"78,9",2012,9
50,"81,3",2012,9
51,"84,5",2012,9
52,"83,5",2012,9
53,"84,1",2012,9
11,"94,9",2012,10
12,"83,8",2012,10
13,"86,6",2012,10
14,"86,6",2012,10
15,"93,9",2012,10
16,"95,1",2012,10
17,"91,7",2012,10
21,90,2012,10
22,85,2012,10
23,"91,8",2012,10
24,"85,3",2012,10
25,"87,2",2012,10
26,"87,8",2012,10
27,"84,8",2012,10
28,"90,1",2012,10
29,"90,6",2012,10
31,"97,1",2012,10
32,"99,3",2012,10
33,"88,1",2012,10
35,"96,8",2012,10
41,"90,6",2012,10
42,"90,6",2012,10
43,92,2012,10
50,"93,7",2012,10
51,"93,8",2012,10
52,"97,4",2012,10
53,"97,7",2012,10
11,"90,8",2012,11
12,"80,8",2012,11
13,"88,3",2012,11
14,"86,2",2012,11
15,"87,9",2012,11
16,94,2012,11
17,"87,6",2012,11
21,"88,3",2012,11
22,"88,5",2012,11
23,"89,4",2012,11
24,"84,3",2012,11
25,"89,6",2012,11
26,"87,8",2012,11
27,89,2012,11
28,"91,8",2012,11
29,"88,7",2012,11
31,"97,1",2012,11
32,"97,2",2012,11
33,"84,7",2012,11
35,"94,1",2012,11
41,"89,5",2012,11
42,"90,7",2012,11
43,"89,6",2012,11
50,"89,5",2012,11
51,"89,2",2012,11
52,"89,3",2012,11
53,"92,9",2012,11
11,"105,6",2012,12
12,"103,7",2012,12
13,"106,7",2012,12
14,"98,1",2012,12
15,"118,7",2012,12
16,117,2012,12
17,"105,5",2012,12
21,"108,5",2012,12
22,"112,3",2012,12
23,"107,5",2012,12
24,"108,6",2012,12
25,"108,4",2012,12
26,"110,4",2012,12
27,"117,4",2012,12
28,"113,3",2012,12
29,"112,3",2012,12
31,"108,6",2012,12
32,"117,9",2012,12
33,"107,8",2012,12
35,"114,3",2012,12
41,"103,7",2012,12
42,"109,6",2012,12
43,"110,9",2012,12
50,"102,5",2012,12
51,"104,7",2012,12
52,"102,7",2012,12
53,"111,2",2012,12
11,"79,2",2013,1
12,"81,7",2013,1
13,"85,1",2013,1
14,"85,4",2013,1
15,"87,5",2013,1
16,"91,7",2013,1
17,"82,8",2013,1
21,"87,4",2013,1
22,"88,6",2013,1
23,"87,6",2013,1
24,"83,7",2013,1
25,"87,5",2013,1
26,"88,2",2013,1
27,"87,5",2013,1
28,87,2013,1
29,"89,5",2013,1
31,"93,2",2013,1
32,"100,7",2013,1
33,"88,1",2013,1
35,"90,9",2013,1
41,"92,8",2013,1
42,89,2013,1
43,"84,4",2013,1
50,"89,5",2013,1
51,"83,5",2013,1
52,"96,4",2013,1
53,"91,1",2013,1
11,"72,1",2013,2
12,"72,7",2013,2
13,"80,7",2013,2
14,83,2013,2
15,"77,9",2013,2
16,"84,4",2013,2
17,"74,8",2013,2
21,"76,9",2013,2
22,"77,6",2013,2
23,"75,4",2013,2
24,"78,1",2013,2
25,"75,3",2013,2
26,"75,2",2013,2
27,"77,3",2013,2
28,79,2013,2
29,"77,1",2013,2
31,84,2013,2
32,"88,7",2013,2
33,76,2013,2
35,"83,8",2013,2
41,"82,9",2013,2
42,"78,4",2013,2
43,"75,2",2013,2
50,"81,8",2013,2
51,"77,3",2013,2
52,"82,6",2013,2
53,"81,8",2013,2
11,"87,1",2013,3
12,"82,1",2013,3
13,"89,5",2013,3
14,"89,7",2013,3
15,"91,3",2013,3
16,"89,4",2013,3
17,"85,3",2013,3
21,"85,9",2013,3
22,"91,9",2013,3
23,"85,6",2013,3
24,"90,9",2013,3
25,"90,4",2013,3
26,"90,4",2013,3
27,"85,1",2013,3
28,"90,9",2013,3
29,"90,3",2013,3
31,"95,8",2013,3
32,"102,4",2013,3
33,"90,4",2013,3
35,"99,1",2013,3
41,"95,6",2013,3
42,"89,4",2013,3
43,"92,5",2013,3
50,"92,3",2013,3
51,"92,3",2013,3
52,"96,5",2013,3
53,"96,4",2013,3
11,"86,5",2013,4
12,"87,9",2013,4
13,"89,7",2013,4
14,"91,6",2013,4
15,"89,7",2013,4
16,"87,5",2013,4
17,94,2013,4
21,"87,4",2013,4
22,"88,5",2013,4
23,87,2013,4
24,"87,2",2013,4
25,"88,3",2013,4
26,"86,7",2013,4
27,"84,8",2013,4
28,89,2013,4
29,"87,5",2013,4
31,"95,2",2013,4
32,"98,3",2013,4
33,"86,4",2013,4
35,"94,2",2013,4
41,93,2013,4
42,"87,1",2013,4
43,"89,4",2013,4
50,"89,1",2013,4
51,"90,1",2013,4
52,"93,9",2013,4
53,"93,5",2013,4
11,"91,6",2013,5
12,"90,7",2013,5
13,"92,2",2013,5
14,"91,8",2013,5
15,"95,9",2013,5
16,"92,1",2013,5
17,"89,9",2013,5
21,91,2013,5
22,"93,5",2013,5
23,"90,2",2013,5
24,"92,6",2013,5
25,93,2013,5
26,"91,6",2013,5
27,"89,8",2013,5
28,94,2013,5
29,"94,9",2013,5
31,"96,3",2013,5
32,"98,5",2013,5
33,"92,2",2013,5
35,"98,9",2013,5
41,"96,3",2013,5
42,"89,6",2013,5
43,"90,2",2013,5
50,"95,6",2013,5
51,"95,8",2013,5
52,"96,6",2013,5
53,"95,2",2013,5
11,"89,5",2013,6
12,86,2013,6
13,"89,2",2013,6
14,"86,1",2013,6
15,"91,5",2013,6
16,"94,9",2013,6
17,"91,8",2013,6
21,"87,4",2013,6
22,"91,5",2013,6
23,"84,1",2013,6
24,"86,9",2013,6
25,"87,3",2013,6
26,87,2013,6
27,"86,5",2013,6
28,"87,3",2013,6
29,"89,6",2013,6
31,"91,2",2013,6
32,94,2013,6
33,"87,6",2013,6
35,"95,4",2013,6
41,"93,9",2013,6
42,"88,6",2013,6
43,"90,7",2013,6
50,"88,6",2013,6
51,"95,2",2013,6
52,"94,5",2013,6
53,"91,1",2013,6
11,"96,6",2013,7
12,"92,9",2013,7
13,"95,6",2013,7
14,"88,9",2013,7
15,"95,2",2013,7
16,"100,1",2013,7
17,"92,4",2013,7
21,"96,4",2013,7
22,"98,9",2013,7
23,96,2013,7
24,"95,8",2013,7
25,"95,3",2013,7
26,"96,9",2013,7
27,"91,3",2013,7
28,"92,5",2013,7
29,"94,5",2013,7
31,"96,9",2013,7
32,"98,9",2013,7
33,"94,9",2013,7
35,"99,4",2013,7
41,"97,6",2013,7
42,93,2013,7
43,96,2013,7
50,"97,2",2013,7
51,97,2013,7
52,"100,1",2013,7
53,"98,6",2013,7
11,96,2013,8
12,"95,2",2013,8
13,"98,3",2013,8
14,"89,1",2013,8
15,"95,3",2013,8
16,"97,9",2013,8
17,93,2013,8
21,"97,6",2013,8
22,"96,1",2013,8
23,"94,5",2013,8
24,"97,4",2013,8
25,"94,4",2013,8
26,"99,1",2013,8
27,"96,2",2013,8
28,"94,4",2013,8
29,"97,7",2013,8
31,"100,4",2013,8
32,"100,7",2013,8
33,"96,3",2013,8
35,"103,8",2013,8
41,"100,2",2013,8
42,"96,7",2013,8
43,"96,8",2013,8
50,"93,9",2013,8
51,"97,6",2013,8
52,"100,4",2013,8
53,"99,8",2013,8
11,"85,4",2013,9
12,"89,6",2013,9
13,"91,1",2013,9
14,86,2013,9
15,"89,9",2013,9
16,"92,4",2013,9
17,88,2013,9
21,"90,5",2013,9
22,"89,8",2013,9
23,"90,2",2013,9
24,"91,8",2013,9
25,"89,1",2013,9
26,"91,7",2013,9
27,"91,3",2013,9
28,"88,7",2013,9
29,"90,7",2013,9
31,"91,5",2013,9
32,"93,1",2013,9
33,"90,5",2013,9
35,"97,7",2013,9
41,"93,7",2013,9
42,"88,9",2013,9
43,"93,7",2013,9
50,"91,6",2013,9
51,94,2013,9
52,"95,5",2013,9
53,"93,6",2013,9
11,"90,8",2013,10
12,97,2013,10
13,"99,6",2013,10
14,"88,8",2013,10
15,"97,4",2013,10
16,95,2013,10
17,"93,8",2013,10
21,"97,1",2013,10
22,"93,8",2013,10
23,"95,8",2013,10
24,"96,3",2013,10
25,"97,9",2013,10
26,"97,8",2013,10
27,99,2013,10
28,"97,5",2013,10
29,"96,6",2013,10
31,97,2013,10
32,"101,2",2013,10
33,"97,6",2013,10
35,"105,2",2013,10
41,"101,8",2013,10
42,"97,7",2013,10
43,"102,1",2013,10
50,"97,3",2013,10
51,"99,4",2013,10
52,100,2013,10
53,"101,3",2013,10
11,"97,2",2013,11
12,"96,5",2013,11
13,"99,9",2013,11
14,"86,2",2013,11
15,"96,3",2013,11
16,"94,4",2013,11
17,"97,1",2013,11
21,96,2013,11
22,"99,3",2013,11
23,"97,3",2013,11
24,"97,1",2013,11
25,"101,9",2013,11
26,"99,7",2013,11
27,"102,2",2013,11
28,"99,1",2013,11
29,"97,1",2013,11
31,"98,9",2013,11
32,"101,3",2013,11
33,"98,7",2013,11
35,"105,7",2013,11
41,"103,1",2013,11
42,"100,4",2013,11
43,"103,2",2013,11
50,"100,1",2013,11
51,"98,8",2013,11
52,"100,4",2013,11
53,"100,9",2013,11
11,"114,6",2013,12
12,"121,3",2013,12
13,"120,5",2013,12
14,105,2013,12
15,"126,4",2013,12
16,"118,3",2013,12
17,"103,9",2013,12
21,"117,9",2013,12
22,"119,4",2013,12
23,"117,5",2013,12
24,121,2013,12
25,"119,3",2013,12
26,"124,4",2013,12
27,"131,2",2013,12
28,"121,3",2013,12
29,121,2013,12
31,"109,1",2013,12
32,"111,4",2013,12
33,"118,3",2013,12
35,"123,9",2013,12
41,"118,4",2013,12
42,125,2013,12
43,"125,5",2013,12
50,"121,4",2013,12
51,"111,1",2013,12
52,"111,8",2013,12
53,"113,2",2013,12
11,"85,3",2014,1
12,"96,5",2014,1
13,"96,9",2014,1
14,"89,6",2014,1
15,"95,3",2014,1
16,"85,5",2014,1
17,90,2014,1
21,96,2014,1
22,"96,9",2014,1
23,"98,4",2014,1
24,"94,1",2014,1
25,"97,1",2014,1
26,"99,7",2014,1
27,"98,9",2014,1
28,"99,7",2014,1
29,"100,1",2014,1
31,"99,8",2014,1
32,"97,8",2014,1
33,95,2014,1
35,"99,7",2014,1
41,103,2014,1
42,"99,9",2014,1
43,"98,5",2014,1
50,95,2014,1
51,"93,2",2014,1
52,"102,8",2014,1
53,"104,3",2014,1
11,"81,1",2014,2
12,"86,4",2014,2
13,"88,3",2014,2
14,87,2014,2
15,"85,9",2014,2
16,"86,8",2014,2
17,"83,7",2014,2
21,"88,5",2014,2
22,"88,6",2014,2
23,"89,4",2014,2
24,"89,1",2014,2
25,"85,8",2014,2
26,"88,9",2014,2
27,"90,8",2014,2
28,"89,8",2014,2
29,"91,1",2014,2
31,"90,3",2014,2
32,"89,9",2014,2
33,"88,9",2014,2
35,"94,1",2014,2
41,"91,3",2014,2
42,"90,6",2014,2
43,89,2014,2
50,"89,4",2014,2
51,"87,8",2014,2
52,"89,5",2014,2
53,"92,5",2014,2
11,87,2014,3
12,"82,2",2014,3
13,"90,6",2014,3
14,"89,1",2014,3
15,"92,2",2014,3
16,"92,5",2014,3
17,"88,1",2014,3
21,90,2014,3
22,"92,6",2014,3
23,"90,1",2014,3
24,90,2014,3
25,"89,2",2014,3
26,"90,8",2014,3
27,"90,3",2014,3
28,"92,6",2014,3
29,"93,9",2014,3
31,"91,7",2014,3
32,"93,6",2014,3
33,"90,9",2014,3
35,"97,2",2014,3
41,"94,1",2014,3
42,"94,2",2014,3
43,"93,8",2014,3
50,"93,8",2014,3
51,"95,3",2014,3
52,"94,7",2014,3
53,"95,5",2014,3
11,"94,5",2014,4
12,"78,2",2014,4
13,"92,1",2014,4
14,"99,5",2014,4
15,"91,9",2014,4
16,"93,7",2014,4
17,"94,7",2014,4
21,"93,7",2014,4
22,"94,7",2014,4
23,"96,3",2014,4
24,"95,6",2014,4
25,"94,8",2014,4
26,93,2014,4
27,95,2014,4
28,"95,9",2014,4
29,"92,8",2014,4
31,"97,8",2014,4
32,"103,1",2014,4
33,"95,1",2014,4
35,"97,2",2014,4
41,"97,4",2014,4
42,97,2014,4
43,"97,5",2014,4
50,"96,6",2014,4
51,"99,3",2014,4
52,"99,2",2014,4
53,"97,8",2014,4
11,"110,7",2014,5
12,"111,1",2014,5
13,"105,6",2014,5
14,"99,7",2014,5
15,"101,1",2014,5
16,"99,6",2014,5
17,"104,4",2014,5
21,"99,7",2014,5
22,"103,3",2014,5
23,"102,7",2014,5
24,"102,9",2014,5
25,"103,5",2014,5
26,"101,7",2014,5
27,"100,7",2014,5
28,"101,9",2014,5
29,"103,6",2014,5
31,101,2014,5
32,"106,9",2014,5
33,"99,9",2014,5
35,"101,7",2014,5
41,"100,6",2014,5
42,"99,8",2014,5
43,"100,3",2014,5
50,"102,4",2014,5
51,"100,4",2014,5
52,"104,9",2014,5
53,"101,8",2014,5
11,"97,7",2014,6
12,"94,9",2014,6
13,"91,6",2014,6
14,"92,7",2014,6
15,"92,1",2014,6
16,"95,7",2014,6
17,"94,6",2014,6
21,"90,6",2014,6
22,"92,5",2014,6
23,"91,4",2014,6
24,"90,5",2014,6
25,"96,2",2014,6
26,90,2014,6
27,"88,9",2014,6
28,"90,8",2014,6
29,"90,8",2014,6
31,"97,5",2014,6
32,"88,4",2014,6
33,"91,1",2014,6
35,92,2014,6
41,"88,8",2014,6
42,"86,6",2014,6
43,"89,4",2014,6
50,92,2014,6
51,"94,7",2014,6
52,"92,2",2014,6
53,93,2014,6
11,104,2014,7
12,"110,9",2014,7
13,"99,8",2014,7
14,"100,8",2014,7
15,100,2014,7
16,"105,4",2014,7
17,"103,7",2014,7
21,"100,8",2014,7
22,"100,4",2014,7
23,"99,5",2014,7
24,"99,6",2014,7
25,"98,8",2014,7
26,"98,9",2014,7
27,"97,3",2014,7
28,"96,5",2014,7
29,"97,7",2014,7
31,"97,4",2014,7
32,"102,3",2014,7
33,"98,2",2014,7
35,"97,3",2014,7
41,"99,4",2014,7
42,"95,6",2014,7
43,"97,3",2014,7
50,"98,1",2014,7
51,103,2014,7
52,"99,9",2014,7
53,"97,3",2014,7
11,"103,2",2014,8
12,98,2014,8
13,"103,5",2014,8
14,"98,8",2014,8
15,"97,3",2014,8
16,"102,1",2014,8
17,"100,1",2014,8
21,"102,5",2014,8
22,"97,8",2014,8
23,"98,6",2014,8
24,"99,4",2014,8
25,"98,6",2014,8
26,"99,5",2014,8
27,"96,1",2014,8
28,"98,2",2014,8
29,"100,1",2014,8
31,"105,6",2014,8
32,"96,8",2014,8
33,"100,4",2014,8
35,"96,4",2014,8
41,97,2014,8
42,"96,3",2014,8
43,"97,3",2014,8
50,"98,3",2014,8
51,101,2014,8
52,"99,3",2014,8
53,"100,5",2014,8
11,"100,4",2014,9
12,101,2014,9
13,"99,8",2014,9
14,"102,7",2014,9
15,"96,8",2014,9
16,"99,7",2014,9
17,"101,4",2014,9
21,"99,6",2014,9
22,"97,8",2014,9
23,"101,5",2014,9
24,"99,1",2014,9
25,"99,8",2014,9
26,97,2014,9
27,"96,9",2014,9
28,"98,6",2014,9
29,98,2014,9
31,"98,2",2014,9
32,"99,4",2014,9
33,"99,8",2014,9
35,"95,5",2014,9
41,"97,6",2014,9
42,"95,5",2014,9
43,"99,5",2014,9
50,98,2014,9
51,"101,2",2014,9
52,"98,7",2014,9
53,98,2014,9
11,"105,6",2014,10
12,103,2014,10
13,"106,1",2014,10
14,108,2014,10
15,"111,2",2014,10
16,"104,5",2014,10
17,"110,5",2014,10
21,"109,9",2014,10
22,105,2014,10
23,"102,5",2014,10
24,"103,2",2014,10
25,"104,3",2014,10
26,"102,9",2014,10
27,"103,9",2014,10
28,"102,7",2014,10
29,"103,1",2014,10
31,"102,6",2014,10
32,"102,3",2014,10
33,"106,2",2014,10
35,"101,3",2014,10
41,"105,5",2014,10
42,"106,8",2014,10
43,"104,9",2014,10
50,105,2014,10
51,"106,6",2014,10
52,"106,7",2014,10
53,"101,7",2014,10
11,"104,4",2014,11
12,"106,1",2014,11
13,"107,6",2014,11
14,"104,6",2014,11
15,"105,1",2014,11
16,"108,7",2014,11
17,"115,3",2014,11
21,"104,4",2014,11
22,"105,8",2014,11
23,"105,4",2014,11
24,"106,8",2014,11
25,"110,2",2014,11
26,"107,3",2014,11
27,"106,8",2014,11
28,"106,7",2014,11
29,104,2014,11
31,"102,1",2014,11
32,"101,2",2014,11
33,"105,8",2014,11
35,"104,5",2014,11
41,"104,5",2014,11
42,"105,5",2014,11
43,106,2014,11
50,"104,6",2014,11
51,"102,6",2014,11
52,"101,9",2014,11
53,"102,2",2014,11
11,"126,1",2014,12
12,"131,9",2014,12
13,"118,1",2014,12
14,"127,4",2014,12
15,"131,3",2014,12
16,"125,9",2014,12
17,"113,4",2014,12
21,"124,4",2014,12
22,"124,5",2014,12
23,"124,1",2014,12
24,"129,7",2014,12
25,"121,7",2014,12
26,"130,3",2014,12
27,"134,4",2014,12
28,"126,5",2014,12
29,"124,9",2014,12
31,116,2014,12
32,"118,4",2014,12
33,"128,7",2014,12
35,"123,2",2014,12
41,"120,9",2014,12
42,"132,2",2014,12
43,"126,6",2014,12
50,"126,9",2014,12
51,"114,9",2014,12
52,"110,2",2014,12
53,"115,7",2014,12
11,"93,1",2015,1
12,"92,6",2015,1
13,98,2015,1
14,"105,3",2015,1
15,"97,8",2015,1
16,"103,8",2015,1
17,"88,7",2015,1
21,"99,8",2015,1
22,"99,7",2015,1
23,"102,7",2015,1
24,"100,5",2015,1
25,"95,4",2015,1
26,"101,4",2015,1
27,"101,8",2015,1
28,"104,8",2015,1
29,"100,1",2015,1
31,"97,7",2015,1
32,"101,7",2015,1
33,"102,8",2015,1
35,"97,4",2015,1
41,"103,6",2015,1
42,"103,4",2015,1
43,"95,2",2015,1
50,"101,7",2015,1
51,"94,1",2015,1
52,"99,5",2015,1
53,"97,8",2015,1
11,"82,4",2015,2
12,"84,3",2015,2
13,86,2015,2
14,"93,2",2015,2
15,"86,3",2015,2
16,"90,2",2015,2
17,"81,9",2015,2
21,"85,9",2015,2
22,"86,1",2015,2
23,"85,7",2015,2
24,"89,5",2015,2
25,"79,2",2015,2
26,"86,6",2015,2
27,"85,4",2015,2
28,"93,1",2015,2
29,"86,9",2015,2
31,"86,2",2015,2
32,"83,3",2015,2
33,"88,6",2015,2
35,"88,8",2015,2
41,"87,3",2015,2
42,"88,5",2015,2
43,82,2015,2
50,"91,6",2015,2
51,"84,7",2015,2
52,"83,7",2015,2
53,"86,7",2015,2
11,"93,8",2015,3
12,"95,6",2015,3
13,"94,3",2015,3
14,"106,5",2015,3
15,"101,2",2015,3
16,"95,1",2015,3
17,"97,2",2015,3
21,"100,5",2015,3
22,"99,3",2015,3
23,"97,2",2015,3
24,"101,4",2015,3
25,"89,8",2015,3
26,"96,8",2015,3
27,"97,2",2015,3
28,"104,6",2015,3
29,100,2015,3
31,"98,4",2015,3
32,"95,6",2015,3
33,"98,7",2015,3
35,"99,2",2015,3
41,"99,5",2015,3
42,"97,4",2015,3
43,"97,6",2015,3
50,"102,2",2015,3
51,"98,9",2015,3
52,"95,5",2015,3
53,"98,3",2015,3
11,"91,6",2015,4
12,"92,8",2015,4
13,"92,6",2015,4
14,"105,4",2015,4
15,"94,9",2015,4
16,"90,6",2015,4
17,"92,5",2015,4
21,"95,5",2015,4
22,"91,6",2015,4
23,95,2015,4
24,"95,2",2015,4
25,"84,9",2015,4
26,"89,4",2015,4
27,"92,1",2015,4
28,"100,1",2015,4
29,"91,4",2015,4
31,"96,7",2015,4
32,"86,5",2015,4
33,"93,7",2015,4
35,"96,5",2015,4
41,"93,8",2015,4
42,"94,1",2015,4
43,"92,5",2015,4
50,"98,7",2015,4
51,90,2015,4
52,"89,7",2015,4
53,"93,1",2015,4
11,"95,6",2015,5
12,"97,4",2015,5
13,"94,7",2015,5
14,"108,9",2015,5
15,"100,7",2015,5
16,"94,7",2015,5
17,94,2015,5
21,"94,9",2015,5
22,"97,5",2015,5
23,"100,7",2015,5
24,"99,7",2015,5
25,"90,7",2015,5
26,"94,3",2015,5
27,"95,1",2015,5
28,"100,1",2015,5
29,"97,2",2015,5
31,"97,8",2015,5
32,"90,6",2015,5
33,"98,2",2015,5
35,"99,1",2015,5
41,"95,9",2015,5
42,"95,5",2015,5
43,"93,3",2015,5
50,"101,4",2015,5
51,"94,5",2015,5
52,"93,6",2015,5
53,"96,4",2015,5
11,"92,7",2015,6
12,"94,9",2015,6
13,"92,5",2015,6
14,"102,1",2015,6
15,"97,1",2015,6
16,91,2015,6
17,"93,2",2015,6
21,"91,9",2015,6
22,"94,7",2015,6
23,"96,1",2015,6
24,97,2015,6
25,"88,2",2015,6
26,"90,5",2015,6
27,"85,6",2015,6
28,"99,3",2015,6
29,"93,5",2015,6
31,"96,3",2015,6
32,"86,8",2015,6
33,"94,6",2015,6
35,"96,2",2015,6
41,"93,1",2015,6
42,"93,6",2015,6
43,"90,3",2015,6
50,"97,3",2015,6
51,"95,5",2015,6
52,"90,2",2015,6
53,"94,2",2015,6
11,100,2015,7
12,99,2015,7
13,"95,4",2015,7
14,"110,6",2015,7
15,"100,1",2015,7
16,"91,6",2015,7
17,"94,5",2015,7
21,"97,4",2015,7
22,"101,2",2015,7
23,101,2015,7
24,"102,8",2015,7
25,"95,8",2015,7
26,"95,1",2015,7
27,90,2015,7
28,"95,4",2015,7
29,"97,2",2015,7
31,"101,6",2015,7
32,"91,2",2015,7
33,100,2015,7
35,"98,8",2015,7
41,"97,7",2015,7
42,"95,8",2015,7
43,"93,1",2015,7
50,103,2015,7
51,"100,8",2015,7
52,"93,1",2015,7
53,"97,1",2015,7
11,"94,1",2015,8
12,94,2015,8
13,"97,1",2015,8
14,"105,4",2015,8
15,96,2015,8
16,"90,6",2015,8
17,"91,7",2015,8
21,"93,3",2015,8
22,"95,6",2015,8
23,96,2015,8
24,"100,4",2015,8
25,"87,3",2015,8
26,"92,3",2015,8
27,"87,6",2015,8
28,94,2015,8
29,"95,2",2015,8
31,"99,5",2015,8
32,85,2015,8
33,"98,5",2015,8
35,"98,5",2015,8
41,"96,3",2015,8
42,93,2015,8
43,"91,2",2015,8
50,"100,3",2015,8
51,"96,6",2015,8
52,"90,5",2015,8
53,"94,7",2015,8
11,"89,7",2015,9
12,"89,4",2015,9
13,"91,1",2015,9
14,"102,4",2015,9
15,"92,9",2015,9
16,86,2015,9
17,"85,3",2015,9
21,"87,7",2015,9
22,"93,9",2015,9
23,"92,3",2015,9
24,"95,4",2015,9
25,86,2015,9
26,"86,7",2015,9
27,"86,7",2015,9
28,90,2015,9
29,"93,1",2015,9
31,"95,7",2015,9
32,"84,7",2015,9
33,"94,6",2015,9
35,"96,7",2015,9
41,"95,8",2015,9
42,"88,7",2015,9
43,89,2015,9
50,"96,6",2015,9
51,"93,6",2015,9
52,"86,2",2015,9
53,"89,4",2015,9
11,"93,9",2015,10
12,"90,2",2015,10
13,"95,8",2015,10
14,"103,6",2015,10
15,"98,7",2015,10
16,"87,7",2015,10
17,"87,4",2015,10
21,"93,7",2015,10
22,98,2015,10
23,"96,1",2015,10
24,"102,1",2015,10
25,"89,2",2015,10
26,"92,2",2015,10
27,"92,9",2015,10
28,"95,4",2015,10
29,"96,9",2015,10
31,"101,5",2015,10
32,"85,4",2015,10
33,"98,4",2015,10
35,"104,2",2015,10
41,"99,6",2015,10
42,99,2015,10
43,"95,6",2015,10
50,"104,5",2015,10
51,"96,4",2015,10
52,"89,5",2015,10
53,94,2015,10
11,"96,1",2015,11
12,"90,5",2015,11
13,"95,3",2015,11
14,"110,6",2015,11
15,"100,2",2015,11
16,"85,8",2015,11
17,"96,9",2015,11
21,"92,6",2015,11
22,"97,3",2015,11
23,"96,9",2015,11
24,"102,7",2015,11
25,"93,3",2015,11
26,"96,8",2015,11
27,98,2015,11
28,"95,8",2015,11
29,"97,9",2015,11
31,"99,7",2015,11
32,"84,6",2015,11
33,"98,2",2015,11
35,105,2015,11
41,"94,8",2015,11
42,"98,1",2015,11
43,"93,1",2015,11
50,"103,2",2015,11
51,"94,1",2015,11
52,"88,4",2015,11
53,"93,5",2015,11
11,"115,5",2015,12
12,"113,2",2015,12
13,"109,2",2015,12
14,"127,1",2015,12
15,"125,4",2015,12
16,"106,9",2015,12
17,"102,5",2015,12
21,114,2015,12
22,"120,3",2015,12
23,"118,6",2015,12
24,"122,8",2015,12
25,"111,3",2015,12
26,"117,5",2015,12
27,"122,5",2015,12
28,"111,1",2015,12
29,"116,4",2015,12
31,"121,1",2015,12
32,"106,3",2015,12
33,"121,3",2015,12
35,"126,8",2015,12
41,"117,9",2015,12
42,"123,4",2015,12
43,"115,5",2015,12
50,"125,6",2015,12
51,"109,2",2015,12
52,"99,2",2015,12
53,"106,2",2015,12
11,"90,9",2016,1
12,"88,9",2016,1
13,"89,6",2016,1
14,107,2016,1
15,"92,3",2016,1
16,"85,6",2016,1
17,"82,3",2016,1
21,"89,6",2016,1
22,"97,5",2016,1
23,"95,4",2016,1
24,"97,7",2016,1
25,"91,8",2016,1
26,"92,9",2016,1
27,"94,3",2016,1
28,"97,3",2016,1
29,"92,2",2016,1
31,"97,5",2016,1
32,"84,7",2016,1
33,"92,6",2016,1
35,"96,9",2016,1
41,"95,7",2016,1
42,"93,4",2016,1
43,"88,5",2016,1
50,"98,8",2016,1
51,"88,3",2016,1
52,"85,2",2016,1
53,90,2016,1
11,"87,4",2016,2
12,85,2016,2
13,"82,6",2016,2
14,"103,8",2016,2
15,"88,8",2016,2
16,"80,9",2016,2
17,"81,3",2016,2
21,"83,9",2016,2
22,"90,2",2016,2
23,"88,4",2016,2
24,"91,3",2016,2
25,"82,1",2016,2
26,"83,1",2016,2
27,"86,1",2016,2
28,"88,6",2016,2
29,"87,9",2016,2
31,"94,7",2016,2
32,"77,7",2016,2
33,"87,7",2016,2
35,"94,4",2016,2
41,"92,2",2016,2
42,"89,1",2016,2
43,"84,8",2016,2
50,"95,5",2016,2
51,"87,6",2016,2
52,"80,5",2016,2
53,"85,6",2016,2
11,"89,5",2016,3
12,"89,7",2016,3
13,"90,4",2016,3
14,"112,5",2016,3
15,"94,8",2016,3
16,"82,2",2016,3
17,89,2016,3
21,93,2016,3
22,98,2016,3
23,"96,9",2016,3
24,"100,7",2016,3
25,"89,5",2016,3
26,"89,1",2016,3
27,"95,3",2016,3
28,"96,9",2016,3
29,"94,9",2016,3
31,"103,5",2016,3
32,"83,9",2016,3
33,"99,7",2016,3
35,"104,2",2016,3
41,"101,1",2016,3
42,"96,2",2016,3
43,"95,5",2016,3
50,"104,6",2016,3
51,"94,3",2016,3
52,"89,5",2016,3
53,93,2016,3
11,86,2016,4
12,"86,8",2016,4
13,"85,1",2016,4
14,110,2016,4
15,"91,8",2016,4
16,"77,9",2016,4
17,"83,2",2016,4
21,"90,9",2016,4
22,"95,6",2016,4
23,94,2016,4
24,"96,6",2016,4
25,"86,9",2016,4
26,"84,7",2016,4
27,"89,8",2016,4
28,"92,4",2016,4
29,"88,6",2016,4
31,"98,5",2016,4
32,"81,9",2016,4
33,"90,4",2016,4
35,99,2016,4
41,"95,8",2016,4
42,"91,5",2016,4
43,"89,6",2016,4
50,"99,8",2016,4
51,"92,9",2016,4
52,"84,9",2016,4
53,"86,5",2016,4
11,"91,6",2016,5
12,"88,4",2016,5
13,"86,3",2016,5
14,"110,6",2016,5
15,"93,7",2016,5
16,"81,1",2016,5
17,"84,8",2016,5
21,"91,4",2016,5
22,"96,7",2016,5
23,"95,2",2016,5
24,"97,7",2016,5
25,"89,6",2016,5
26,"87,2",2016,5
27,"91,2",2016,5
28,"92,3",2016,5
29,"89,7",2016,5
31,"101,5",2016,5
32,"78,8",2016,5
33,"93,2",2016,5
35,"99,9",2016,5
41,"96,9",2016,5
42,"93,3",2016,5
43,"91,7",2016,5
50,"102,5",2016,5
51,"90,7",2016,5
52,"85,4",2016,5
53,"86,7",2016,5
11,"93,1",2016,6
12,"87,7",2016,6
13,"86,9",2016,6
14,"113,2",2016,6
15,"91,3",2016,6
16,"79,4",2016,6
17,"85,7",2016,6
21,"91,8",2016,6
22,"94,5",2016,6
23,"94,2",2016,6
24,"95,2",2016,6
25,"88,2",2016,6
26,"86,8",2016,6
27,"87,3",2016,6
28,"89,7",2016,6
29,"88,6",2016,6
31,"101,7",2016,6
32,"83,7",2016,6
33,"93,6",2016,6
35,"98,6",2016,6
41,"96,7",2016,6
42,"91,7",2016,6
43,"92,3",2016,6
50,"99,2",2016,6
51,"94,2",2016,6
52,"86,3",2016,6
53,"86,7",2016,6
11,"96,9",2016,7
12,"89,9",2016,7
13,"91,1",2016,7
14,"121,9",2016,7
15,"92,3",2016,7
16,"81,8",2016,7
17,"87,9",2016,7
21,"90,9",2016,7
22,"96,8",2016,7
23,"98,2",2016,7
24,"99,5",2016,7
25,"93,6",2016,7
26,"90,2",2016,7
27,"90,4",2016,7
28,"90,5",2016,7
29,"91,6",2016,7
31,104,2016,7
32,"83,7",2016,7
33,"92,3",2016,7
35,"99,7",2016,7
41,100,2016,7
42,"95,1",2016,7
43,92,2016,7
50,"101,8",2016,7
51,"96,3",2016,7
52,"85,2",2016,7
53,"88,8",2016,7
11,"96,3",2016,8
12,"88,9",2016,8
13,93,2016,8
14,125,2016,8
15,91,2016,8
16,"81,2",2016,8
17,"88,8",2016,8
21,96,2016,8
22,"97,2",2016,8
23,"97,4",2016,8
24,"100,3",2016,8
25,"93,1",2016,8
26,"88,5",2016,8
27,"92,8",2016,8
28,"91,6",2016,8
29,"93,4",2016,8
31,"105,4",2016,8
32,"82,7",2016,8
33,95,2016,8
35,"102,6",2016,8
41,"98,2",2016,8
42,"94,6",2016,8
43,"92,3",2016,8
50,"101,9",2016,8
51,"95,1",2016,8
52,"85,7",2016,8
53,"88,3",2016,8
11,"90,1",2016,9
12,"80,7",2016,9
13,"85,7",2016,9
14,"118,5",2016,9
15,"84,9",2016,9
16,"79,4",2016,9
17,"77,6",2016,9
21,"87,9",2016,9
22,"92,4",2016,9
23,"92,6",2016,9
24,"96,2",2016,9
25,"86,1",2016,9
26,"84,5",2016,9
27,"85,4",2016,9
28,"87,8",2016,9
29,"87,2",2016,9
31,"101,9",2016,9
32,"78,5",2016,9
33,"93,1",2016,9
35,"97,3",2016,9
41,"95,8",2016,9
42,"94,4",2016,9
43,88,2016,9
50,"96,8",2016,9
51,"88,2",2016,9
52,"83,7",2016,9
53,"85,2",2016,9
11,"96,3",2016,10
12,"85,9",2016,10
13,"91,5",2016,10
14,"121,9",2016,10
15,"90,5",2016,10
16,82,2016,10
17,"80,7",2016,10
21,90,2016,10
22,95,2016,10
23,"95,5",2016,10
24,"98,7",2016,10
25,"92,6",2016,10
26,"90,3",2016,10
27,93,2016,10
28,"93,8",2016,10
29,"92,1",2016,10
31,"103,2",2016,10
32,80,2016,10
33,"94,9",2016,10
35,"101,3",2016,10
41,"97,4",2016,10
42,"97,2",2016,10
43,"93,7",2016,10
50,"100,9",2016,10
51,"88,6",2016,10
52,"84,1",2016,10
53,"87,6",2016,10
11,"84,8",2016,11
12,"87,6",2016,11
13,"94,1",2016,11
14,"121,9",2016,11
15,93,2016,11
16,"84,8",2016,11
17,"91,5",2016,11
21,"94,3",2016,11
22,"101,5",2016,11
23,"100,7",2016,11
24,"104,2",2016,11
25,"103,1",2016,11
26,98,2016,11
27,"99,5",2016,11
28,"97,5",2016,11
29,"96,3",2016,11
31,105,2016,11
32,"84,5",2016,11
33,"97,5",2016,11
35,"104,8",2016,11
41,"101,2",2016,11
42,"102,7",2016,11
43,94,2016,11
50,"105,1",2016,11
51,"88,1",2016,11
52,"89,9",2016,11
53,"91,5",2016,11
11,"101,6",2016,12
12,"110,7",2016,12
13,"113,1",2016,12
14,"140,9",2016,12
15,118,2016,12
16,"99,5",2016,12
17,"106,5",2016,12
21,"116,4",2016,12
22,"121,4",2016,12
23,"118,1",2016,12
24,"124,8",2016,12
25,"114,8",2016,12
26,"118,1",2016,12
27,"123,2",2016,12
28,120,2016,12
29,114,2016,12
31,"122,2",2016,12
32,"100,4",2016,12
33,"117,9",2016,12
35,"124,1",2016,12
41,"120,1",2016,12
42,"124,9",2016,12
43,"113,2",2016,12
50,"125,1",2016,12
51,"101,8",2016,12
52,"100,6",2016,12
53,"103,3",2016,12
11,"79,2",2017,1
12,88,2017,1
13,"96,4",2017,1
14,"104,6",2017,1
15,"89,3",2017,1
16,"89,3",2017,1
17,"80,7",2017,1
21,"95,2",2017,1
22,"93,6",2017,1
23,98,2017,1
24,"97,7",2017,1
25,96,2017,1
26,"93,7",2017,1
27,"101,7",2017,1
28,"94,2",2017,1
29,"92,2",2017,1
31,"101,2",2017,1
32,"80,1",2017,1
33,95,2017,1
35,"100,7",2017,1
41,"98,4",2017,1
42,"101,9",2017,1
43,"99,6",2017,1
50,"97,6",2017,1
51,"91,2",2017,1
52,"78,8",2017,1
53,"87,3",2017,1
11,"72,6",2017,2
12,"78,4",2017,2
13,"85,9",2017,2
14,"103,7",2017,2
15,80,2017,2
16,"84,4",2017,2
17,"72,2",2017,2
21,"83,9",2017,2
22,"81,2",2017,2
23,"85,2",2017,2
24,"88,6",2017,2
25,"85,8",2017,2
26,"81,3",2017,2
27,"89,7",2017,2
28,"83,1",2017,2
29,"81,9",2017,2
31,"93,5",2017,2
32,"64,2",2017,2
33,"88,8",2017,2
35,"90,9",2017,2
41,"89,9",2017,2
42,"98,7",2017,2
43,"88,6",2017,2
50,"90,5",2017,2
51,"82,3",2017,2
52,"72,5",2017,2
53,"79,5",2017,2
11,"84,6",2017,3
12,"89,1",2017,3
13,"95,8",2017,3
14,"110,6",2017,3
15,"96,6",2017,3
16,"85,7",2017,3
17,"97,9",2017,3
21,"98,9",2017,3
22,"94,9",2017,3
23,"94,6",2017,3
24,"98,4",2017,3
25,"95,3",2017,3
26,95,2017,3
27,"104,7",2017,3
28,"94,7",2017,3
29,"94,8",2017,3
31,"105,8",2017,3
32,"87,6",2017,3
33,"98,1",2017,3
35,98,2017,3
41,"103,3",2017,3
42,"110,9",2017,3
43,"105,8",2017,3
50,"99,9",2017,3
51,"97,8",2017,3
52,"77,4",2017,3
53,"91,3",2017,3
11,"76,1",2017,4
12,"85,7",2017,4
13,"93,4",2017,4
14,"103,7",2017,4
15,"90,1",2017,4
16,"82,3",2017,4
17,"84,9",2017,4
21,"91,8",2017,4
22,"88,7",2017,4
23,"88,5",2017,4
24,"92,5",2017,4
25,"89,4",2017,4
26,"88,7",2017,4
27,"96,1",2017,4
28,"89,7",2017,4
29,"85,7",2017,4
31,98,2017,4
32,"79,1",2017,4
33,"92,5",2017,4
35,"97,7",2017,4
41,"97,1",2017,4
42,104,2017,4
43,"98,7",2017,4
50,"92,8",2017,4
51,"91,2",2017,4
52,"75,5",2017,4
53,"86,5",2017,4
11,"87,8",2017,5
12,"95,2",2017,5
13,"98,2",2017,5
14,"112,2",2017,5
15,"98,1",2017,5
16,"84,3",2017,5
17,"93,5",2017,5
21,"100,5",2017,5
22,"100,7",2017,5
23,"99,7",2017,5
24,"98,3",2017,5
25,"96,5",2017,5
26,"93,9",2017,5
27,"100,2",2017,5
28,"94,8",2017,5
29,"91,8",2017,5
31,"102,1",2017,5
32,89,2017,5
33,"99,3",2017,5
35,"103,1",2017,5
41,"100,2",2017,5
42,"104,2",2017,5
43,"103,5",2017,5
50,"100,1",2017,5
51,"99,5",2017,5
52,"80,2",2017,5
53,"95,2",2017,5
11,"82,4",2017,6
12,"90,2",2017,6
13,"96,2",2017,6
14,"111,4",2017,6
15,"93,9",2017,6
16,"83,4",2017,6
17,"92,3",2017,6
21,"95,9",2017,6
22,"94,6",2017,6
23,"96,7",2017,6
24,"95,8",2017,6
25,"93,1",2017,6
26,"92,7",2017,6
27,"97,7",2017,6
28,"90,5",2017,6
29,"89,5",2017,6
31,"102,4",2017,6
32,"88,9",2017,6
33,"94,4",2017,6
35,"100,7",2017,6
41,"100,5",2017,6
42,105,2017,6
43,"103,1",2017,6
50,"96,8",2017,6
51,98,2017,6
52,"79,2",2017,6
53,"95,3",2017,6
11,"88,9",2017,7
12,"96,6",2017,7
13,"102,8",2017,7
14,"117,3",2017,7
15,"96,7",2017,7
16,"86,8",2017,7
17,91,2017,7
21,"100,1",2017,7
22,"101,5",2017,7
23,"101,2",2017,7
24,"98,8",2017,7
25,"92,6",2017,7
26,"92,7",2017,7
27,"101,4",2017,7
28,"92,5",2017,7
29,"91,2",2017,7
31,"103,5",2017,7
32,"88,1",2017,7
33,"95,7",2017,7
35,"102,9",2017,7
41,"103,3",2017,7
42,"107,9",2017,7
43,"102,4",2017,7
50,"101,5",2017,7
51,"100,7",2017,7
52,77,2017,7
53,"90,6",2017,7
11,"107,9",2017,8
12,99,2017,8
13,"105,7",2017,8
14,"125,8",2017,8
15,"97,3",2017,8
16,"87,9",2017,8
17,"98,1",2017,8
21,"104,6",2017,8
22,"103,9",2017,8
23,"100,2",2017,8
24,"101,4",2017,8
25,"92,9",2017,8
26,"96,5",2017,8
27,"104,3",2017,8
28,97,2017,8
29,"94,9",2017,8
31,"105,3",2017,8
32,"91,8",2017,8
33,99,2017,8
35,"105,7",2017,8
41,"106,9",2017,8
42,"110,4",2017,8
43,"107,6",2017,8
50,"101,9",2017,8
51,"101,1",2017,8
52,78,2017,8
53,94,2017,8
11,"84,9",2017,9
12,94,2017,9
13,102,2017,9
14,"122,4",2017,9
15,"94,2",2017,9
16,"86,6",2017,9
17,"93,5",2017,9
21,"98,3",2017,9
22,"99,2",2017,9
23,"97,8",2017,9
24,"98,7",2017,9
25,"94,1",2017,9
26,"92,5",2017,9
27,"101,9",2017,9
28,"95,1",2017,9
29,"91,4",2017,9
31,"100,9",2017,9
32,"87,4",2017,9
33,"96,8",2017,9
35,"103,5",2017,9
41,"105,2",2017,9
42,"107,6",2017,9
43,"104,3",2017,9
50,"102,4",2017,9
51,"102,4",2017,9
52,"75,5",2017,9
53,"90,8",2017,9
11,"89,9",2017,10
12,"97,2",2017,10
13,106,2017,10
14,"119,6",2017,10
15,"97,8",2017,10
16,"88,1",2017,10
17,"99,5",2017,10
21,"100,2",2017,10
22,"96,8",2017,10
23,"100,4",2017,10
24,"96,7",2017,10
25,"93,3",2017,10
26,"93,6",2017,10
27,"102,4",2017,10
28,"95,4",2017,10
29,92,2017,10
31,"106,7",2017,10
32,"90,8",2017,10
33,"96,9",2017,10
35,"105,6",2017,10
41,"103,9",2017,10
42,111,2017,10
43,"109,2",2017,10
50,"100,9",2017,10
51,103,2017,10
52,"78,7",2017,10
53,"92,4",2017,10
11,"94,3",2017,11
12,"99,3",2017,11
13,"109,9",2017,11
14,"121,1",2017,11
15,"102,1",2017,11
16,"91,6",2017,11
17,"105,3",2017,11
21,"104,3",2017,11
22,"106,2",2017,11
23,"104,1",2017,11
24,"105,3",2017,11
25,"102,7",2017,11
26,"103,7",2017,11
27,"108,7",2017,11
28,"103,4",2017,11
29,"101,8",2017,11
31,"112,2",2017,11
32,"95,4",2017,11
33,102,2017,11
35,110,2017,11
41,"109,5",2017,11
42,"120,5",2017,11
43,"113,8",2017,11
50,"101,8",2017,11
51,"103,5",2017,11
52,"83,7",2017,11
53,"96,3",2017,11
11,"109,5",2017,12
12,"121,2",2017,12
13,"126,6",2017,12
14,"132,5",2017,12
15,"123,8",2017,12
16,"97,7",2017,12
17,"110,4",2017,12
21,"121,8",2017,12
22,"120,6",2017,12
23,"122,1",2017,12
24,"123,9",2017,12
25,"114,9",2017,12
26,"115,6",2017,12
27,129,2017,12
28,"114,8",2017,12
29,"116,2",2017,12
31,"129,7",2017,12
32,"103,2",2017,12
33,"123,4",2017,12
35,131,2017,12
41,"127,5",2017,12
42,"137,7",2017,12
43,"135,5",2017,12
50,"118,7",2017,12
51,"118,1",2017,12
52,"90,8",2017,12
53,"103,3",2017,12
11,"86,1",2018,1
12,"94,2",2018,1
13,"109,2",2018,1
14,"116,9",2018,1
15,98,2018,1
16,92,2018,1
17,"90,5",2018,1
21,"107,3",2018,1
22,"103,2",2018,1
23,"103,3",2018,1
24,"108,2",2018,1
25,"103,1",2018,1
26,"97,7",2018,1
27,"105,5",2018,1
28,"99,2",2018,1
29,"96,8",2018,1
31,"106,7",2018,1
32,89,2018,1
33,"97,8",2018,1
35,"106,1",2018,1
41,"103,5",2018,1
42,"122,9",2018,1
43,"108,9",2018,1
50,"98,8",2018,1
51,"100,2",2018,1
52,"78,1",2018,1
53,"91,8",2018,1
11,"82,4",2018,2
12,"87,2",2018,2
13,"97,3",2018,2
14,"112,5",2018,2
15,"86,1",2018,2
16,89,2018,2
17,"88,7",2018,2
21,"91,3",2018,2
22,"87,9",2018,2
23,"86,5",2018,2
24,"90,9",2018,2
25,"86,2",2018,2
26,83,2018,2
27,"91,1",2018,2
28,"85,5",2018,2
29,"84,4",2018,2
31,96,2018,2
32,"85,5",2018,2
33,88,2018,2
35,"95,1",2018,2
41,96,2018,2
42,"112,1",2018,2
43,"98,1",2018,2
50,"94,2",2018,2
51,"93,2",2018,2
52,69,2018,2
53,"79,9",2018,2
11,"94,8",2018,3
12,"99,9",2018,3
13,"109,7",2018,3
14,124,2018,3
15,"102,4",2018,3
16,88,2018,3
17,"107,4",2018,3
21,"103,5",2018,3
22,"99,8",2018,3
23,"101,5",2018,3
24,109,2018,3
25,"102,1",2018,3
26,"97,1",2018,3
27,"107,3",2018,3
28,"100,4",2018,3
29,"97,2",2018,3
31,"113,5",2018,3
32,"102,3",2018,3
33,"103,9",2018,3
35,"109,7",2018,3
41,111,2018,3
42,"129,5",2018,3
43,118,2018,3
50,"106,7",2018,3
51,"110,9",2018,3
52,"80,5",2018,3
53,"96,5",2018,3
11,91,2018,4
12,"93,9",2018,4
13,"102,6",2018,4
14,"117,5",2018,4
15,"94,1",2018,4
16,"85,8",2018,4
17,"100,5",2018,4
21,"97,4",2018,4
22,"96,1",2018,4
23,98,2018,4
24,"99,8",2018,4
25,"97,2",2018,4
26,"91,8",2018,4
27,"100,7",2018,4
28,"95,9",2018,4
29,"90,6",2018,4
31,"106,3",2018,4
32,"93,2",2018,4
33,94,2018,4
35,"107,2",2018,4
41,"103,9",2018,4
42,"120,5",2018,4
43,"108,2",2018,4
50,"97,1",2018,4
51,107,2018,4
52,"80,5",2018,4
53,"90,6",2018,4
11,"95,2",2018,5
12,"103,5",2018,5
13,"109,7",2018,5
14,"128,4",2018,5
15,"102,2",2018,5
16,"85,6",2018,5
17,"100,1",2018,5
21,"102,9",2018,5
22,"103,5",2018,5
23,102,2018,5
24,"106,1",2018,5
25,"96,8",2018,5
26,95,2018,5
27,"105,4",2018,5
28,"96,5",2018,5
29,"91,8",2018,5
31,"104,1",2018,5
32,"93,7",2018,5
33,"99,5",2018,5
35,"107,3",2018,5
41,"102,8",2018,5
42,"112,9",2018,5
43,"109,6",2018,5
50,"101,7",2018,5
51,"105,9",2018,5
52,"81,3",2018,5
53,"92,3",2018,5
11,"94,9",2018,6
12,"99,3",2018,6
13,"103,8",2018,6
14,"118,3",2018,6
15,"99,9",2018,6
16,83,2018,6
17,"100,3",2018,6
21,"104,6",2018,6
22,"99,6",2018,6
23,"100,2",2018,6
24,"104,7",2018,6
25,"101,5",2018,6
26,"95,8",2018,6
27,"102,6",2018,6
28,97,2018,6
29,"95,9",2018,6
31,108,2018,6
32,"97,8",2018,6
33,"96,3",2018,6
35,"108,7",2018,6
41,"107,1",2018,6
42,"117,8",2018,6
43,"113,6",2018,6
50,"104,6",2018,6
51,"110,8",2018,6
52,"79,5",2018,6
53,"91,9",2018,6
11,"99,5",2018,7
12,"99,8",2018,7
13,"109,7",2018,7
14,"122,7",2018,7
15,"102,4",2018,7
16,"81,7",2018,7
17,"107,7",2018,7
21,"108,1",2018,7
22,"104,8",2018,7
23,"104,4",2018,7
24,"104,5",2018,7
25,"98,3",2018,7
26,95,2018,7
27,"102,5",2018,7
28,"99,9",2018,7
29,"93,8",2018,7
31,"105,5",2018,7
32,"99,2",2018,7
33,"95,6",2018,7
35,"111,5",2018,7
41,"107,4",2018,7
42,"117,9",2018,7
43,"110,7",2018,7
50,"106,9",2018,7
51,"112,5",2018,7
52,"81,7",2018,7
53,"92,5",2018,7
11,"103,3",2018,8
12,"106,9",2018,8
13,"117,1",2018,8
14,"131,5",2018,8
15,"106,9",2018,8
16,"82,7",2018,8
17,111,2018,8
21,116,2018,8
22,"108,8",2018,8
23,"106,3",2018,8
24,"109,9",2018,8
25,"106,9",2018,8
26,"98,8",2018,8
27,"109,1",2018,8
28,"102,3",2018,8
29,"99,1",2018,8
31,"113,8",2018,8
32,108,2018,8
33,"103,7",2018,8
35,"118,6",2018,8
41,"114,4",2018,8
42,"124,5",2018,8
43,"121,3",2018,8
50,"112,7",2018,8
51,"116,6",2018,8
52,"87,2",2018,8
53,"97,9",2018,8
11,"99,3",2018,9
12,103,2018,9
13,"109,1",2018,9
14,"123,6",2018,9
15,"100,3",2018,9
16,"82,1",2018,9
17,"104,4",2018,9
21,"103,3",2018,9
22,"101,2",2018,9
23,"100,4",2018,9
24,"104,8",2018,9
25,"93,5",2018,9
26,"95,3",2018,9
27,"104,2",2018,9
28,"97,1",2018,9
29,"92,5",2018,9
31,"103,5",2018,9
32,"100,2",2018,9
33,"96,3",2018,9
35,"111,8",2018,9
41,"108,6",2018,9
42,"118,6",2018,9
43,"113,8",2018,9
50,"110,4",2018,9
51,"110,7",2018,9
52,"81,4",2018,9
53,"91,4",2018,9
11,"101,7",2018,10
12,"109,9",2018,10
13,"117,3",2018,10
14,134,2018,10
15,"106,6",2018,10
16,"87,2",2018,10
17,"112,2",2018,10
21,"110,6",2018,10
22,"102,5",2018,10
23,"104,1",2018,10
24,"107,3",2018,10
25,"100,5",2018,10
26,"99,7",2018,10
27,"111,5",2018,10
28,"102,2",2018,10
29,"97,2",2018,10
31,"115,3",2018,10
32,"105,6",2018,10
33,"102,7",2018,10
35,"116,5",2018,10
41,"115,5",2018,10
42,"129,7",2018,10
43,"124,1",2018,10
50,"114,7",2018,10
51,"121,7",2018,10
52,"86,6",2018,10
53,"94,4",2018,10
11,"112,2",2018,11
12,"112,5",2018,11
13,123,2018,11
14,"131,6",2018,11
15,"117,1",2018,11
16,"91,5",2018,11
17,"119,9",2018,11
21,"119,5",2018,11
22,"112,9",2018,11
23,"111,3",2018,11
24,"114,5",2018,11
25,"108,1",2018,11
26,"110,5",2018,11
27,"118,1",2018,11
28,"113,2",2018,11
29,"108,6",2018,11
31,"118,5",2018,11
32,"109,1",2018,11
33,"109,6",2018,11
35,"120,2",2018,11
41,"118,5",2018,11
42,"135,8",2018,11
43,"127,3",2018,11
50,"116,1",2018,11
51,"118,9",2018,11
52,94,2018,11
53,"100,1",2018,11
11,"120,8",2018,12
12,"125,8",2018,12
13,"133,5",2018,12
14,"145,9",2018,12
15,133,2018,12
16,"95,6",2018,12
17,"118,7",2018,12
21,"128,5",2018,12
22,"122,3",2018,12
23,"124,5",2018,12
24,"130,3",2018,12
25,120,2018,12
26,121,2018,12
27,"132,3",2018,12
28,"123,2",2018,12
29,"117,9",2018,12
31,"128,6",2018,12
32,"112,5",2018,12
33,"127,1",2018,12
35,"136,8",2018,12
41,"133,3",2018,12
42,"150,7",2018,12
43,"146,6",2018,12
50,"127,1",2018,12
51,"127,4",2018,12
52,"98,1",2018,12
53,"105,3",2018,12
11,"93,3",2019,1
12,"100,2",2019,1
13,"111,5",2019,1
14,"124,1",2019,1
15,"104,3",2019,1
16,"96,3",2019,1
17,"92,8",2019,1
21,"108,4",2019,1
22,"103,1",2019,1
23,"105,6",2019,1
24,"108,6",2019,1
25,"100,5",2019,1
26,"99,5",2019,1
27,"108,6",2019,1
28,"101,3",2019,1
29,"96,6",2019,1
31,"110,7",2019,1
32,"102,8",2019,1
33,102,2019,1
35,114,2019,1
41,"108,9",2019,1
42,"134,7",2019,1
43,"117,2",2019,1
50,"108,1",2019,1
51,"110,5",2019,1
52,"84,1",2019,1
53,"93,4",2019,1
11,"89,7",2019,2
12,"92,3",2019,2
13,"104,7",2019,2
14,"115,1",2019,2
15,98,2019,2
16,"95,6",2019,2
17,"101,6",2019,2
21,100,2019,2
22,"95,4",2019,2
23,"96,1",2019,2
24,"102,8",2019,2
25,"91,1",2019,2
26,"92,3",2019,2
27,"99,3",2019,2
28,"93,4",2019,2
29,"91,8",2019,2
31,"103,4",2019,2
32,"96,4",2019,2
33,"95,8",2019,2
35,106,2019,2
41,"103,3",2019,2
42,"126,4",2019,2
43,"110,1",2019,2
50,"103,9",2019,2
51,"106,6",2019,2
52,"78,9",2019,2
53,"87,9",2019,2
11,"96,1",2019,3
12,104,2019,3
13,"112,7",2019,3
14,"122,9",2019,3
15,106,2019,3
16,"98,5",2019,3
17,"109,9",2019,3
21,"103,8",2019,3
22,98,2019,3
23,"100,5",2019,3
24,107,2019,3
25,"95,7",2019,3
26,"95,1",2019,3
27,100,2019,3
28,"100,3",2019,3
29,"93,5",2019,3
31,"111,1",2019,3
32,"101,5",2019,3
33,"100,6",2019,3
35,"112,5",2019,3
41,"107,7",2019,3
42,"135,1",2019,3
43,"120,4",2019,3
50,"105,3",2019,3
51,"114,4",2019,3
52,"83,5",2019,3
53,94,2019,3
11,"92,3",2019,4
12,"101,6",2019,4
13,"111,7",2019,4
14,"135,6",2019,4
15,"103,5",2019,4
16,"98,7",2019,4
17,"109,6",2019,4
21,"104,3",2019,4
22,"97,3",2019,4
23,"104,9",2019,4
24,"105,5",2019,4
25,"97,1",2019,4
26,"97,6",2019,4
27,"106,3",2019,4
28,"100,4",2019,4
29,95,2019,4
31,"109,6",2019,4
32,"103,3",2019,4
33,"99,5",2019,4
35,"116,8",2019,4
41,"110,8",2019,4
42,"134,9",2019,4
43,120,2019,4
50,"105,1",2019,4
51,"114,1",2019,4
52,"81,8",2019,4
53,"94,5",2019,4
11,"99,6",2019,5
12,"109,8",2019,5
13,"118,4",2019,5
14,"139,4",2019,5
15,"110,3",2019,5
16,"107,4",2019,5
17,"120,2",2019,5
21,"112,2",2019,5
22,"105,4",2019,5
23,"112,6",2019,5
24,"111,8",2019,5
25,"100,6",2019,5
26,"102,6",2019,5
27,112,2019,5
28,"103,7",2019,5
29,"99,5",2019,5
31,"112,7",2019,5
32,"108,8",2019,5
33,"103,2",2019,5
35,"121,8",2019,5
41,"111,1",2019,5
42,"134,7",2019,5
43,"121,5",2019,5
50,"110,6",2019,5
51,"120,6",2019,5
52,"87,3",2019,5
53,"100,4",2019,5
11,"92,8",2019,6
12,"103,4",2019,6
13,"119,1",2019,6
14,"131,9",2019,6
15,"106,5",2019,6
16,"104,1",2019,6
17,"111,7",2019,6
21,"103,7",2019,6
22,"88,5",2019,6
23,"105,3",2019,6
24,"105,2",2019,6
25,"95,4",2019,6
26,"96,5",2019,6
27,"99,6",2019,6
28,"92,3",2019,6
29,"93,8",2019,6
31,"109,6",2019,6
32,"100,1",2019,6
33,"100,4",2019,6
35,117,2019,6
41,"107,8",2019,6
42,"125,8",2019,6
43,"116,8",2019,6
50,"101,8",2019,6
51,"116,9",2019,6
52,"83,3",2019,6
53,"95,6",2019,6
11,"106,6",2019,7
12,"111,7",2019,7
13,"126,5",2019,7
14,"139,7",2019,7
15,"110,7",2019,7
16,"106,3",2019,7
17,"117,8",2019,7
21,"112,4",2019,7
22,97,2019,7
23,"111,3",2019,7
24,112,2019,7
25,103,2019,7
26,"101,6",2019,7
27,"110,1",2019,7
28,"101,8",2019,7
29,"100,7",2019,7
31,"117,6",2019,7
32,"107,1",2019,7
33,"107,2",2019,7
35,"122,3",2019,7
41,"114,4",2019,7
42,"136,7",2019,7
43,"121,9",2019,7
50,"115,9",2019,7
51,"126,6",2019,7
52,"85,8",2019,7
53,"99,5",2019,7
11,"102,9",2019,8
12,"111,6",2019,8
13,127,2019,8
14,"137,3",2019,8
15,"114,3",2019,8
16,"116,6",2019,8
17,"118,9",2019,8
21,"119,9",2019,8
22,"104,9",2019,8
23,"110,7",2019,8
24,"113,3",2019,8
25,"103,4",2019,8
26,"106,6",2019,8
27,"111,9",2019,8
28,"103,1",2019,8
29,101,2019,8
31,"117,1",2019,8
32,108,2019,8
33,"106,2",2019,8
35,"123,7",2019,8
41,"118,9",2019,8
42,"140,4",2019,8
43,"119,2",2019,8
50,"114,5",2019,8
51,"124,6",2019,8
52,88,2019,8
53,"100,3",2019,8
11,"98,8",2019,9
12,"105,1",2019,9
13,"120,3",2019,9
14,"133,5",2019,9
15,"109,8",2019,9
16,106,2019,9
17,"118,5",2019,9
21,"105,4",2019,9
22,"101,6",2019,9
23,"103,6",2019,9
24,"107,8",2019,9
25,"98,6",2019,9
26,"99,9",2019,9
27,"106,2",2019,9
28,"97,4",2019,9
29,"96,9",2019,9
31,"114,4",2019,9
32,"103,4",2019,9
33,"100,5",2019,9
35,"118,1",2019,9
41,"112,3",2019,9
42,"135,9",2019,9
43,"112,5",2019,9
50,"114,3",2019,9
51,"120,4",2019,9
52,"87,2",2019,9
53,"97,1",2019,9
11,"106,2",2019,10
12,116,2019,10
13,"130,2",2019,10
14,"141,7",2019,10
15,"118,7",2019,10
16,"114,6",2019,10
17,"121,2",2019,10
21,"113,7",2019,10
22,105,2019,10
23,115,2019,10
24,"114,1",2019,10
25,"105,7",2019,10
26,107,2019,10
27,"116,8",2019,10
28,"105,3",2019,10
29,"102,7",2019,10
31,"121,8",2019,10
32,"116,7",2019,10
33,"105,6",2019,10
35,"126,1",2019,10
41,"122,6",2019,10
42,"147,3",2019,10
43,"123,2",2019,10
50,"118,1",2019,10
51,"127,4",2019,10
52,"92,3",2019,10
53,"102,1",2019,10
11,"115,8",2019,11
12,"118,2",2019,11
13,"138,6",2019,11
14,"153,2",2019,11
15,130,2019,11
16,"117,6",2019,11
17,"128,8",2019,11
21,"120,8",2019,11
22,"112,5",2019,11
23,116,2019,11
24,"120,9",2019,11
25,121,2019,11
26,"113,8",2019,11
27,"121,4",2019,11
28,"112,2",2019,11
29,"114,1",2019,11
31,"125,9",2019,11
32,116,2019,11
33,"112,5",2019,11
35,"127,6",2019,11
41,125,2019,11
42,154,2019,11
43,"129,8",2019,11
50,"118,1",2019,11
51,"126,6",2019,11
52,"98,4",2019,11
53,"102,5",2019,11
11,"123,2",2019,12
12,"138,6",2019,12
13,"147,6",2019,12
14,"158,6",2019,12
15,"147,2",2019,12
16,"140,2",2019,12
17,"139,2",2019,12
21,"132,8",2019,12
22,"125,2",2019,12
23,"130,5",2019,12
24,"134,1",2019,12
25,"129,3",2019,12
26,"127,8",2019,12
27,"138,3",2019,12
28,"121,2",2019,12
29,"129,6",2019,12
31,"138,2",2019,12
32,122,2019,12
33,"137,3",2019,12
35,"146,9",2019,12
41,"137,3",2019,12
42,"172,3",2019,12
43,"154,8",2019,12
50,"132,1",2019,12
51,"140,1",2019,12
52,"101,2",2019,12
53,"112,9",2019,12
11,"101,8",2020,1
12,"109,1",2020,1
13,129,2020,1
14,"137,7",2020,1
15,"119,6",2020,1
16,"114,3",2020,1
17,"104,8",2020,1
21,"113,7",2020,1
22,"109,4",2020,1
23,"113,6",2020,1
24,"113,5",2020,1
25,"111,3",2020,1
26,"106,2",2020,1
27,"115,6",2020,1
28,103,2020,1
29,"99,5",2020,1
31,"115,8",2020,1
32,"112,7",2020,1
33,"106,3",2020,1
35,"122,1",2020,1
41,"115,5",2020,1
42,"147,5",2020,1
43,"123,1",2020,1
50,"112,6",2020,1
51,"117,5",2020,1
52,"90,1",2020,1
53,"101,4",2020,1
11,"94,6",2020,2
12,"102,6",2020,2
13,120,2020,2
14,"130,4",2020,2
15,"110,4",2020,2
16,"100,1",2020,2
17,"114,2",2020,2
21,"104,1",2020,2
22,"97,4",2020,2
23,"98,4",2020,2
24,"105,4",2020,2
25,"100,9",2020,2
26,"94,4",2020,2
27,"104,5",2020,2
28,"95,7",2020,2
29,"92,3",2020,2
31,"109,9",2020,2
32,"103,8",2020,2
33,"101,5",2020,2
35,113,2020,2
41,"111,2",2020,2
42,"138,1",2020,2
43,"114,7",2020,2
50,"107,9",2020,2
51,"119,6",2020,2
52,"80,4",2020,2
53,93,2020,2
11,79,2020,3
12,"92,8",2020,3
13,"110,2",2020,3
14,"122,6",2020,3
15,"108,6",2020,3
16,"88,8",2020,3
17,"116,6",2020,3
21,"98,1",2020,3
22,"88,2",2020,3
23,"92,2",2020,3
24,102,2020,3
25,"93,3",2020,3
26,"89,6",2020,3
27,"98,8",2020,3
28,"85,9",2020,3
29,"83,7",2020,3
31,"112,1",2020,3
32,"102,4",2020,3
33,98,2020,3
35,"113,1",2020,3
41,"106,2",2020,3
42,"123,3",2020,3
43,"109,1",2020,3
50,103,2020,3
51,"113,2",2020,3
52,"81,2",2020,3
53,"85,4",2020,3
11,"61,6",2020,4
12,"75,2",2020,4
13,"81,5",2020,4
14,"115,6",2020,4
15,"85,9",2020,4
16,"59,5",2020,4
17,"94,7",2020,4
21,"83,6",2020,4
22,"66,6",2020,4
23,"71,4",2020,4
24,"82,5",2020,4
25,"73,3",2020,4
26,"68,2",2020,4
27,"77,8",2020,4
28,"72,8",2020,4
29,"65,5",2020,4
31,"92,2",2020,4
32,"77,3",2020,4
33,"75,9",2020,4
35,"86,6",2020,4
41,"86,7",2020,4
42,"110,3",2020,4
43,91,2020,4
50,"89,7",2020,4
51,96,2020,4
52,"63,1",2020,4
53,"67,1",2020,4
11,"84,9",2020,5
12,"85,9",2020,5
13,"102,5",2020,5
14,"125,2",2020,5
15,"89,9",2020,5
16,"67,9",2020,5
17,"110,5",2020,5
21,"93,9",2020,5
22,"76,5",2020,5
23,"74,8",2020,5
24,"95,9",2020,5
25,"90,2",2020,5
26,"80,5",2020,5
27,"89,5",2020,5
28,"85,4",2020,5
29,"74,2",2020,5
31,"109,7",2020,5
32,"98,2",2020,5
33,"89,3",2020,5
35,"100,7",2020,5
41,108,2020,5
42,"130,9",2020,5
43,"112,2",2020,5
50,"108,7",2020,5
51,"114,5",2020,5
52,"77,1",2020,5
53,"78,3",2020,5
11,"92,9",2020,6
12,"102,4",2020,6
13,"137,9",2020,6
14,"134,9",2020,6
15,"126,1",2020,6
16,"96,6",2020,6
17,"132,4",2020,6
21,"122,8",2020,6
22,"93,5",2020,6
23,"99,1",2020,6
24,"100,3",2020,6
25,"90,9",2020,6
26,"94,1",2020,6
27,"95,5",2020,6
28,"90,1",2020,6
29,"84,3",2020,6
31,"115,7",2020,6
32,"103,9",2020,6
33,"98,1",2020,6
35,"113,9",2020,6
41,"111,5",2020,6
42,"138,5",2020,6
43,115,2020,6
50,"111,2",2020,6
51,"114,2",2020,6
52,"80,3",2020,6
53,"87,3",2020,6
11,"114,7",2020,7
12,"124,3",2020,7
13,"157,9",2020,7
14,"157,5",2020,7
15,"138,7",2020,7
16,"129,5",2020,7
17,"137,5",2020,7
21,"140,1",2020,7
22,"102,7",2020,7
23,"117,1",2020,7
24,"115,4",2020,7
25,"115,3",2020,7
26,114,2020,7
27,"117,4",2020,7
28,"101,9",2020,7
29,"96,8",2020,7
31,128,2020,7
32,"116,6",2020,7
33,"111,1",2020,7
35,"126,7",2020,7
41,"117,6",2020,7
42,"150,9",2020,7
43,"119,4",2020,7
50,"118,6",2020,7
51,"122,5",2020,7
52,"86,7",2020,7
53,"98,3",2020,7
11,"117,7",2020,8
12,"135,2",2020,8
13,158,2020,8
14,"161,8",2020,8
15,"144,6",2020,8
16,"142,3",2020,8
17,"134,6",2020,8
21,"151,7",2020,8
22,"121,6",2020,8
23,"123,8",2020,8
24,"122,1",2020,8
25,"116,5",2020,8
26,"118,9",2020,8
27,"125,9",2020,8
28,"110,7",2020,8
29,"104,4",2020,8
31,"132,7",2020,8
32,124,2020,8
33,"114,3",2020,8
35,"129,1",2020,8
41,"122,2",2020,8
42,"155,9",2020,8
43,"121,5",2020,8
50,"122,5",2020,8
51,134,2020,8
52,"92,1",2020,8
53,"102,5",2020,8
11,"121,4",2020,9
12,"132,8",2020,9
13,"153,6",2020,9
14,"168,3",2020,9
15,"139,7",2020,9
16,"134,5",2020,9
17,"138,2",2020,9
21,"139,6",2020,9
22,"126,6",2020,9
23,"118,1",2020,9
24,"122,5",2020,9
25,"112,3",2020,9
26,"115,3",2020,9
27,"125,5",2020,9
28,"113,8",2020,9
29,105,2020,9
31,136,2020,9
32,"131,6",2020,9
33,"109,6",2020,9
35,"130,2",2020,9
41,126,2020,9
42,"158,6",2020,9
43,123,2020,9
50,"132,3",2020,9
51,132,2020,9
52,"94,2",2020,9
53,"101,2",2020,9
11,"127,1",2020,10
12,"136,2",2020,10
13,"164,1",2020,10
14,"175,8",2020,10
15,"146,7",2020,10
16,"140,9",2020,10
17,"136,1",2020,10
21,"144,9",2020,10
22,"130,4",2020,10
23,"125,8",2020,10
24,"130,6",2020,10
25,"123,9",2020,10
26,"122,9",2020,10
27,"131,9",2020,10
28,"120,1",2020,10
29,"111,8",2020,10
31,"146,5",2020,10
32,"134,7",2020,10
33,117,2020,10
35,141,2020,10
41,136,2020,10
42,"174,6",2020,10
43,"134,7",2020,10
50,"138,7",2020,10
51,"141,9",2020,10
52,"101,4",2020,10
53,"109,6",2020,10
11,"140,5",2020,11
12,"148,7",2020,11
13,"166,2",2020,11
14,"176,4",2020,11
15,"162,1",2020,11
16,"132,1",2020,11
17,"139,6",2020,11
21,"153,4",2020,11
22,"135,9",2020,11
23,"131,1",2020,11
24,"132,6",2020,11
25,"128,6",2020,11
26,"133,7",2020,11
27,142,2020,11
28,"126,1",2020,11
29,"117,8",2020,11
31,"147,1",2020,11
32,"134,5",2020,11
33,125,2020,11
35,"145,2",2020,11
41,134,2020,11
42,"177,1",2020,11
43,"134,7",2020,11
50,"137,5",2020,11
51,"141,1",2020,11
52,"101,2",2020,11
53,"109,7",2020,11
11,"141,9",2020,12
12,"156,9",2020,12
13,180,2020,12
14,"197,6",2020,12
15,"181,3",2020,12
16,"167,4",2020,12
17,"141,5",2020,12
21,165,2020,12
22,"154,1",2020,12
23,"146,3",2020,12
24,"151,4",2020,12
25,"146,3",2020,12
26,"148,1",2020,12
27,157,2020,12
28,"139,3",2020,12
29,"131,9",2020,12
31,"159,5",2020,12
32,"145,1",2020,12
33,"145,4",2020,12
35,"163,8",2020,12
41,"152,6",2020,12
42,"194,8",2020,12
43,"158,1",2020,12
50,"154,8",2020,12
51,"155,2",2020,12
52,"109,4",2020,12
53,"116,5",2020,12
11,"102,6",2021,1
12,"115,1",2021,1
13,"105,1",2021,1
14,160,2021,1
15,"136,5",2021,1
16,"129,9",2021,1
17,"114,2",2021,1
21,"131,2",2021,1
22,"120,4",2021,1
23,"116,3",2021,1
24,122,2021,1
25,"118,6",2021,1
26,"117,4",2021,1
27,"122,8",2021,1
28,"112,4",2021,1
29,"102,5",2021,1
31,137,2021,1
32,"125,7",2021,1
33,"110,5",2021,1
35,"130,4",2021,1
41,"123,8",2021,1
42,"162,7",2021,1
43,"121,9",2021,1
50,"123,6",2021,1
51,"121,5",2021,1
52,"92,6",2021,1
53,"97,9",2021,1
11,"107,2",2021,2
12,"101,3",2021,2
13,"116,3",2021,2
14,"153,4",2021,2
15,"126,4",2021,2
16,"117,4",2021,2
17,"112,3",2021,2
21,"120,6",2021,2
22,"118,9",2021,2
23,"106,8",2021,2
24,"116,6",2021,2
25,"106,7",2021,2
26,"111,8",2021,2
27,"111,1",2021,2
28,"104,4",2021,2
29,98,2021,2
31,"125,3",2021,2
32,124,2021,2
33,"103,7",2021,2
35,"123,5",2021,2
41,"121,2",2021,2
42,"152,4",2021,2
43,"114,8",2021,2
50,"121,6",2021,2
51,"128,1",2021,2
52,"89,1",2021,2
53,"91,1",2021,2
11,"114,4",2021,3
12,"123,4",2021,3
13,"155,4",2021,3
14,"177,4",2021,3
15,"133,8",2021,3
16,"110,9",2021,3
17,"121,9",2021,3
21,"135,6",2021,3
22,"119,3",2021,3
23,"109,9",2021,3
24,"124,3",2021,3
25,"114,2",2021,3
26,121,2021,3
27,"123,7",2021,3
28,"113,5",2021,3
29,"101,1",2021,3
31,"137,6",2021,3
32,"142,5",2021,3
33,117,2021,3
35,"131,2",2021,3
41,"131,5",2021,3
42,"171,2",2021,3
43,"132,1",2021,3
50,"135,6",2021,3
51,"144,1",2021,3
52,94,2021,3
53,"97,8",2021,3
